id,stars,length,coins
465,3,2,0
528,3,2,0
1293,0,2,0
1729,2,3,0
2655,1,3,0
3150,1,3,0
3712,1,3,0
4153,1,3,0
4980,0,1,0
5385,3,3,0
5468,1,3,0
5639,4,3,0
11940,3,3,0
13993,1,3,0
18722,1,3,0
24453,1,3,0
26414,3,3,0
28750,1,3,0
28856,1,3,0
30479,1,3,0
32118,1,3,0
37295,1,1,0
38671,1,3,0
41174,5,2,0
46355,1,3,0
48006,4,3,0
49411,3,3,0
52128,2,2,0
53303,3,3,0
55142,6,3,0
57651,4,3,0
57674,4,3,0
58177,3,3,0
58821,5,3,0
59297,1,2,0
59767,3,3,0
60615,1,2,0
60661,1,2,0
61982,4,3,0
64449,1,3,0
65106,4,3,0
66120,4,3,0
66806,4,3,0
67381,2,2,0
69125,1,3,0
69996,1,3,0
70196,2,3,0
70814,1,3,0
71180,3,3,0
72703,4,3,0
72806,6,3,0
72881,3,3,0
72914,1,3,0
73045,4,3,0
73933,4,3,0
73955,6,3,0
74515,4,3,0
75933,4,3,0
75944,2,3,0
77498,4,3,0
77593,1,3,0
77879,6,0,0
79604,1,3,0
84592,2,2,0
86051,1,3,0
86789,1,3,0
87892,1,3,0
91556,2,0,0
94533,1,3,0
95132,1,3,0
99984,5,3,0
100585,1,3,0
100847,1,3,0
101358,1,3,0
102076,1,3,0
102566,7,3,0
104755,6,3,0
105281,1,3,0
106612,1,3,0
107946,1,3,0
108430,1,3,0
109319,4,3,0
109346,4,3,0
109953,2,3,0
110109,1,3,0
110181,4,3,0
110271,4,3,0
111084,1,3,0
111105,1,3,0
111168,5,3,0
112386,3,3,0
113458,1,3,0
114082,1,1,0
114127,1,1,0
115783,4,3,0
115814,1,3,0
115912,1,3,0
117736,1,3,0
117769,1,2,0
119199,1,3,0
119813,3,3,0
120445,3,3,0
120652,2,3,0
120716,4,2,0
121342,1,3,0
121664,1,0,0
122754,1,3,0
122780,1,3,0
124052,6,3,0
124281,6,3,0
124377,1,3,0
124694,1,3,0
124880,1,3,0
126214,1,3,0
126257,1,3,0
129634,1,3,0
131285,4,3,0
131341,1,3,0
132829,3,0,0
133619,1,3,0
134132,1,3,0
134312,1,3,0
137741,3,3,0
140131,1,3,0
140672,1,3,0
140703,1,3,0
140904,1,3,0
141144,4,3,0
141361,1,3,0
142294,5,3,0
142845,1,3,0
143770,1,3,0
145838,1,3,0
147526,1,3,0
147718,1,3,0
148508,3,3,0
149544,1,3,0
150190,3,3,0
150245,4,0,0
150906,4,3,0
151245,4,3,0
151954,7,3,0
152071,1,3,0
152389,1,3,3
153038,4,3,0
153233,1,3,0
153362,1,3,0
154720,1,3,0
155463,2,3,0
156124,2,2,0
158691,1,3,0
158692,1,3,0
159932,2,3,0
160011,1,3,0
160133,3,3,0
160369,3,3,0
161116,1,2,0
163503,1,3,0
164054,1,3,0
165024,1,3,0
165130,4,0,0
168251,7,3,0
172332,4,3,0
173027,1,3,0
184966,1,3,0
187254,9,3,0
189219,1,3,0
189628,1,3,0
189809,4,3,0
191751,1,3,0
192171,3,3,0
197411,5,3,0
197849,1,3,0
199976,8,3,0
201893,1,3,0
203479,1,3,0
203942,1,3,0
210650,1,3,0
213541,1,3,0
213962,1,3,0
214030,3,3,0
214396,1,3,0
214793,1,3,0
215172,1,3,0
215324,1,3,0
216377,3,3,0
216426,1,3,0
217415,3,3,0
218730,7,3,0
219275,4,3,0
219384,1,3,3
219906,2,3,0
219938,2,3,0
220106,4,3,0
227646,1,3,0
228561,4,3,0
228804,1,3,0
232139,1,3,0
236070,3,3,0
238222,1,3,0
238765,3,0,0
244079,2,3,0
251088,1,3,0
252204,1,3,0
263226,5,3,0
269331,2,3,0
269436,4,3,0
274283,2,1,0
277422,1,3,0
277689,1,3,0
279883,1,3,0
281148,4,3,1
287971,1,3,0
289544,1,3,0
309628,1,3,0
317011,1,3,0
333199,1,3,0
333565,1,3,0
337929,1,3,0
339633,1,4,0
340647,1,1,0
343551,3,3,0
344471,1,3,0
344840,1,3,0
345756,1,3,0
361841,1,3,0
384454,1,3,0
413773,1,3,0
416100,3,3,0
419163,0,0,0
424182,1,3,0
439914,8,3,0
440283,1,3,0
447766,7,0,0
448229,2,2,0
449893,0,3,0
454088,1,3,0
454899,5,3,0
460568,1,3,0
460871,5,3,0
470728,1,3,0
476849,4,3,0
478841,1,3,0
481182,1,3,3
485998,4,3,0
488523,1,3,0
490078,4,3,0
494966,1,3,0
500286,1,3,0
502227,1,3,0
503986,0,2,0
504500,1,3,0
506009,4,3,0
507342,5,0,0
508591,1,3,0
510552,4,0,0
513124,4,3,1
517226,1,3,0
517279,1,3,0
521685,1,3,0
521723,1,2,0
523111,1,3,0
530393,1,3,0
538070,4,3,0
540428,6,3,0
541151,5,0,0
543924,5,3,0
544328,1,3,0
544874,1,3,0
545500,3,3,0
548427,1,3,0
550792,1,3,0
556404,6,3,0
556847,1,2,0
559533,1,3,0
560075,1,3,0
563323,1,3,0
569467,6,3,0
576216,1,3,2
577710,6,3,0
587525,1,3,0
591539,1,3,0
602565,4,3,0
602708,4,3,0
602725,1,3,0
613015,5,3,0
618135,1,3,0
633475,1,3,3
651345,6,3,0
651936,4,0,0
662928,1,3,0
674454,5,3,0
681418,1,3,0
684960,4,0,0
689206,1,3,0
695343,1,3,0
697184,1,3,0
700813,1,3,0
706743,1,3,0
706930,1,3,0
708026,7,3,0
708735,1,3,0
709961,1,3,0
712947,1,3,0
724244,6,3,0
741941,5,3,0
743938,4,3,0
750434,5,3,0
777965,1,3,0
791009,1,3,0
801979,1,3,0
806706,1,3,0
819956,6,3,0
832754,1,3,0
835854,5,3,0
837852,1,3,0
841061,1,0,0
843872,1,3,0
844206,1,3,0
845013,1,3,0
856066,6,0,0
858696,1,3,0
862045,1,3,0
862216,7,3,0
873428,1,3,0
877915,7,3,0
878899,6,3,0
896758,7,3,0
916382,6,3,0
919790,1,3,0
920137,1,3,0
922621,6,3,0
925626,6,3,0
927376,1,3,0
927942,7,3,0
928009,1,3,0
930152,7,3,0
937527,6,3,0
943830,1,3,0
951670,6,3,0
957845,1,3,0
967430,5,3,0
971831,6,3,0
977287,2,1,0
979833,1,3,0
980341,5,3,0
986331,4,3,0
987102,5,3,0
993646,6,3,0
1001858,3,3,0
1006225,4,3,0
1011883,5,3,0
1016402,3,3,0
1022732,0,0,0
1024164,1,3,0
1025986,4,3,0
1034459,6,3,0
1035351,7,3,0
1042049,1,3,0
1054059,7,3,0
1058690,7,3,0
1063115,5,3,0
1063400,6,3,0
1065142,6,3,0
1103050,7,0,0
1116046,4,3,0
1137762,1,3,0
1149937,6,0,0
1150325,3,3,0
1156368,4,3,0
1163757,5,3,0
1174225,2,3,0
1174702,5,3,0
1178051,5,3,0
1193435,7,3,0
1194072,5,3,0
1213888,3,3,0
1229240,5,3,0
1229730,5,3,0
1230486,4,3,0
1237319,5,3,0
1238175,3,3,0
1239645,2,3,0
1242617,4,3,0
1244147,3,3,0
1244762,5,3,0
1249219,8,3,0
1262577,5,3,0
1264302,5,3,0
1278809,5,3,0
1282694,4,3,0
1302826,1,3,0
1331004,5,0,0
1372582,8,3,0
1379048,1,3,0
1389451,3,3,0
1390091,6,3,0
1390865,5,3,0
1392423,6,3,0
1413656,5,3,0
1416963,1,3,0
1420757,3,3,0
1420758,3,3,0
1422286,6,3,0
1422969,4,0,0
1431629,5,3,0
1432634,5,3,0
1490335,3,3,0
1493030,6,3,0
1497528,3,0,0
1497919,3,3,0
1498893,6,3,0
1513467,5,3,0
1516378,3,0,0
1518336,5,3,0
1519091,1,3,0
1522290,4,3,0
1548215,3,3,0
1561782,4,3,0
1564484,4,3,0
1577201,5,3,0
1598815,2,3,0
1605406,0,0,0
1609729,3,3,0
1610318,5,3,0
1611411,6,3,0
1618294,7,3,0
1629780,4,3,0
1636077,1,3,0
1642022,4,3,0
1642297,4,3,0
1642528,1,4,0
1649640,4,3,0
1669976,3,3,0
1683708,5,3,0
1695145,4,3,0
1702934,4,3,0
1704110,4,3,0
1716348,1,3,0
1721197,4,3,0
1734346,5,3,0
1734354,4,3,0
1735116,7,0,0
1743742,5,3,0
1757461,2,3,0
1794210,1,3,0
1804341,1,3,0
1808725,4,3,0
1809090,4,3,0
1813462,5,3,0
1816473,4,3,0
1819280,4,3,0
1824468,1,4,0
1825578,7,3,0
1828145,1,3,0
1840384,4,3,0
1842829,6,3,0
1842894,2,3,1
1845311,6,3,0
1847802,4,0,0
1847921,4,3,0
1853014,4,3,0
1859069,4,3,0
1868576,5,3,0
1869601,5,3,0
1886729,3,3,0
1887918,5,0,0
1892562,3,3,0
1896774,1,3,0
1919806,5,0,0
1926839,4,3,0
1929179,4,3,0
1942106,8,3,1
1948522,6,3,0
1953758,0,0,0
1960402,4,3,0
1963060,6,0,0
1966226,1,3,0
1971856,5,3,0
1975035,7,0,0
1978472,1,3,0
1986960,1,3,0
1988404,5,3,0
1989193,5,3,0
1992175,7,3,0
2003443,6,3,0
2008775,4,3,0
2009511,5,3,0
2056395,5,3,0
2059088,5,3,0
2060823,3,3,0
2086329,4,3,0
2097176,5,3,0
2118478,5,3,0
2142068,5,3,0
2151790,7,0,0
2152840,4,3,0
2166886,4,3,0
2181768,1,3,0
2190147,1,0,0
2202172,5,3,0
2208407,1,3,0
2235221,5,3,0
2235976,5,3,0
2262862,4,4,0
2266287,4,3,0
2278230,3,3,0
2291019,4,3,0
2300172,7,0,0
2303955,1,3,0
2321324,3,3,0
2322624,1,3,0
2396440,1,3,2
2400690,3,3,0
2406624,3,3,0
2408246,5,3,0
2410286,2,0,0
2413109,6,3,0
2443491,2,0,0
2450457,4,3,0
2546328,2,3,0
2549587,4,3,0
2555480,7,3,0
2570786,6,3,0
2591878,6,3,0
2611815,4,3,0
2616930,3,3,0
2631538,4,3,0
2735203,3,3,0
2814868,5,3,0
2816038,2,3,0
2816187,1,3,0
2820124,3,3,0
2822527,1,3,0
2846662,5,3,0
2850773,7,3,0
2862635,5,4,0
2866526,1,3,0
2867632,2,3,0
2871942,3,3,0
2879767,3,3,0
2881120,3,3,3
2900177,4,0,0
2906972,6,3,0
2919265,5,3,0
2920930,4,3,0
2930824,6,3,0
2945952,6,3,0
2949093,5,3,0
2965984,6,3,0
2969325,4,3,0
2988290,7,3,0
2996539,5,3,0
2998553,6,3,0
2999259,6,3,0
3002208,6,3,0
3009758,5,3,0
3009829,4,3,0
3019542,5,4,0
3021635,7,3,0
3031233,1,3,0
3031935,4,3,0
3036206,6,0,0
3037754,7,0,0
3048651,5,3,0
3049084,2,3,0
3053688,5,3,0
3065291,7,3,0
3080538,4,4,0
3090071,4,3,0
3099781,5,3,0
3105146,7,3,0
3106927,5,0,0
3118592,4,3,0
3139687,5,0,0
3145568,1,3,0
3147521,7,3,1
3151283,1,3,0
3154009,6,3,0
3156251,7,3,0
3166315,1,3,0
3181935,8,3,0
3190050,5,3,3
3203219,5,0,0
3213062,6,3,0
3213638,4,3,0
3230914,5,3,0
3233432,5,3,0
3241218,7,3,0
3257544,5,3,0
3271045,0,2,0
3277646,3,3,0
3297683,5,3,0
3312534,3,3,0
3313571,7,0,0
3331303,5,3,0
3340553,3,3,0
3345442,6,3,0
3364527,4,3,0
3378669,3,3,0
3380956,2,3,0
3399616,8,0,0
3405570,6,3,0
3415935,3,3,0
3419889,0,0,0
3422659,1,3,0
3431097,6,3,0
3449084,1,3,0
3451961,4,3,0
3458692,4,3,0
3464991,3,3,0
3467859,4,3,0
3475453,4,3,0
3486248,1,3,0
3488700,5,3,0
3490994,5,3,0
3497979,1,3,0
3501007,1,3,0
3501903,5,3,0
3515564,1,3,0
3521878,4,3,0
3527555,4,3,0
3538583,2,0,0
3538609,6,3,0
3557305,3,3,0
3574127,6,0,0
3578207,2,3,0
3582597,5,3,0
3583536,6,3,0
3597018,4,3,0
3605263,5,3,0
3623448,4,3,0
3647865,5,3,0
3665648,0,1,0
3672516,5,3,0
3680353,6,3,0
3687361,4,0,0
3690366,5,3,0
3713246,3,3,0
3719168,1,3,0
3720854,5,3,0
3724091,6,3,0
3736343,4,3,0
3747620,2,3,0
3757302,6,3,0
3784137,1,3,0
3785646,6,3,0
3785972,7,0,0
3786239,1,2,0
3789925,5,0,0
3795419,5,0,0
3825254,3,3,0
3829756,7,0,0
3839787,4,3,0
3854838,0,0,0
3864662,1,3,0
3867314,6,0,0
3869947,5,3,0
3892674,1,3,0
3913600,3,3,0
3914830,1,3,0
3914977,5,2,0
3943870,2,3,0
3945422,0,0,0
3949960,6,3,0
3961702,5,3,0
3973116,1,3,0
3987629,5,3,0
3997699,7,3,0
3998528,4,3,0
4010326,1,3,0
4015101,3,3,0
4018363,1,3,0
4024683,5,0,0
4025435,1,2,0
4036136,1,3,0
4037982,1,3,0
4042299,5,3,0
4056397,0,0,0
4065238,5,0,0
4071930,5,3,0
4073731,6,3,0
4077091,6,3,0
4078954,2,0,0
4092654,6,3,0
4125818,6,3,0
4136938,6,3,0
4142841,1,3,0
4147579,5,3,0
4147827,6,0,0
4155736,6,3,0
4166269,3,3,0
4169302,4,3,0
4169318,1,3,0
4172745,1,3,0
4174346,4,3,0
4175580,6,0,0
4175789,1,4,0
4183252,0,0,0
4192027,6,3,0
4193687,2,3,0
4195225,7,3,0
4205731,4,0,0
4213775,6,3,0
4235452,7,3,0
4246297,0,1,0
4259126,6,0,0
4288065,5,3,0
4294170,6,3,0
4303147,6,0,0
4311321,1,3,0
4319421,6,3,0
4324373,6,3,0
4337980,1,3,0
4363608,3,3,0
4383140,5,0,0
4390415,5,0,0
4407778,6,0,0
4411962,7,3,0
4442932,3,0,0
4455282,5,3,0
4480489,1,3,0
4504154,7,3,0
4505766,1,3,0
4520861,5,4,0
4525156,5,3,0
4530202,7,3,0
4530746,5,3,0
4533443,1,3,0
4540918,5,3,0
4552013,4,3,0
4557851,7,3,0
4558303,3,3,0
4592097,5,3,0
4604249,5,3,0
4607754,4,3,0
4608285,4,3,0
4623572,7,0,0
4633434,0,0,0
4649301,5,3,0
4672053,4,3,0
4691799,5,3,0
4698537,6,0,0
4710851,5,4,0
4722219,5,0,0
4727192,1,3,0
4740174,5,3,0
4747524,6,0,3
4778629,7,4,0
4780988,3,3,0
4784943,4,3,3
4797233,3,3,2
4801322,4,3,0
4832319,0,0,0
4840826,6,0,0
4855053,0,0,0
4855146,1,2,0
4871586,6,3,0
4876949,4,3,0
4890838,4,3,0
4921848,6,3,0
4965177,6,0,0
4972172,1,3,0
4976055,0,0,0
4990886,6,0,0
4999445,4,3,0
5010094,5,3,0
5017264,5,3,0
5049681,1,3,0
5077713,4,0,0
5091882,6,3,0
5099044,5,3,0
5131543,4,3,0
5151222,3,3,0
5158688,4,3,0
5170604,4,3,1
5177311,0,0,0
5187307,6,3,0
5188426,5,0,0
5190714,4,0,0
5192569,5,3,0
5226832,2,3,0
5256745,4,3,0
5296969,6,3,0
5298301,4,3,0
5323888,6,0,0
5336673,7,3,0
5351206,3,3,0
5362572,5,3,0
5396498,4,3,0
5396591,4,3,0
5438059,5,3,0
5470333,3,0,0
5472417,7,0,0
5488229,1,3,0
5512631,1,3,0
5569877,6,0,0
5589626,3,3,0
5592978,4,0,0
5598311,6,3,0
5629922,5,0,0
5698402,3,3,0
5776597,4,3,0
5798625,1,3,0
5824028,1,3,0
5831951,0,0,0
5844294,0,0,0
5876830,4,3,0
5888894,7,3,0
5893380,1,3,0
5953939,4,3,0
5971361,4,3,0
5971909,5,3,0
5972699,3,3,0
5979159,5,0,0
6010008,5,0,0
6014478,1,3,0
6016996,4,3,0
6067842,1,3,0
6083970,0,0,0
6091549,7,3,0
6122241,1,2,0
6134572,0,1,0
6146864,1,3,0
6155292,6,0,0
6178804,5,3,0
6180527,6,0,0
6193477,1,3,0
6197189,4,3,0
6205940,1,3,0
6216239,7,0,0
6224412,6,3,0
6229146,2,3,0
6233274,1,3,0
6271345,5,3,0
6287884,4,3,0
6315293,7,3,0
6320280,3,3,0
6324840,5,0,0
6331893,4,3,0
6357555,3,3,0
6361170,4,3,0
6392228,2,3,0
6403599,7,3,0
6431528,2,3,0
6455855,6,3,0
6494919,6,0,0
6523366,1,3,0
6529544,3,0,0
6536900,4,3,0
6544126,5,2,0
6582572,4,3,0
6594577,3,3,0
6617563,2,3,0
6690561,5,3,0
6709812,2,4,0
6716227,1,3,0
6716314,6,3,0
6739392,2,3,0
6759016,7,0,0
6767410,2,3,0
6801198,3,3,0
6805531,5,3,0
6812067,3,3,0
6847278,0,0,0
6877843,3,3,0
6920537,3,0,0
6956751,2,2,0
6979692,0,2,0
7043068,6,3,0
7072170,0,3,0
7084350,3,3,1
7097318,1,3,0
7112711,3,3,0
7142646,3,3,0
7156598,2,3,0
7182962,0,0,0
7194800,6,0,0
7195133,3,3,0
7197005,1,3,0
7203798,1,3,0
7228890,4,3,0
7266680,1,3,0
7292661,1,3,0
7294129,4,3,0
7321011,2,3,0
7330824,0,0,0
7347740,5,3,0
7350520,3,3,0
7354567,4,3,0
7366219,2,3,0
7384662,1,3,0
7398388,4,3,0
7398966,3,3,0
7433575,2,3,0
7460932,6,0,0
7461154,5,3,0
7485599,6,3,0
7540764,0,0,0
7551835,5,3,0
7588415,1,3,0
7590823,1,3,0
7639984,1,3,0
7681146,5,3,0
7716993,0,0,0
7734079,6,0,0
7738832,3,3,3
7796866,6,3,3
7828357,2,3,0
7857407,6,0,0
7883168,2,3,0
7894312,2,3,0
7905838,3,3,0
7920103,0,0,0
7920692,0,0,0
8017315,0,0,0
8101206,2,3,0
8105548,0,0,0
8157377,4,3,0
8169171,1,3,0
8181947,5,3,0
8289057,4,3,0
8307566,3,3,0
8307772,1,3,0
8320596,3,3,0
8352176,5,0,0
8396155,7,3,0
8405457,2,3,0
8424015,1,3,0
8445515,4,3,0
8477262,3,3,0
8489810,3,2,0
8514483,6,3,0
8564063,3,3,0
8587610,5,3,0
8607760,7,0,0
8684135,4,3,0
8694979,1,3,0
8725630,1,3,0
8792185,4,3,0
8795831,2,3,0
8798566,3,3,0
8807968,1,2,0
8815227,1,3,0
8825840,5,3,0
8880457,1,3,0
8883107,1,2,0
8884797,1,3,0
8888344,4,3,0
8891941,2,3,0
8919336,2,0,0
8922063,6,3,0
8926869,1,3,0
8976701,6,3,0
8993303,6,4,0
8997135,1,3,0
9009316,1,2,0
9027147,3,2,0
9063257,5,2,0
9063899,3,3,0
9085581,2,3,0
9098488,2,3,0
9110646,3,3,0
9112375,2,3,1
9114408,1,3,0
9119613,4,0,0
9127101,3,3,0
9127264,4,3,0
9191033,1,3,0
9227843,2,3,1
9238645,3,2,0
9269087,1,3,0
9316079,2,3,1
9351529,1,3,0
9387369,0,0,0
9388135,5,0,0
9413478,5,0,0
9452840,5,3,0
9462748,3,0,0
9466868,1,3,0
9510761,4,0,0
9553037,1,3,0
9583484,4,3,0
9596005,4,0,0
9598669,0,0,0
9612092,6,0,0
9683140,6,3,0
9691878,6,3,0
9697146,2,3,0
9698222,3,3,0
9741516,3,0,0
9839792,5,3,3
9844705,2,3,0
9864142,0,0,0
9958433,4,3,3
9967586,1,3,0
9977762,2,3,0
9982119,1,3,0
10000000,4,3,0
10007837,3,2,3
10029590,4,3,0
10091795,4,3,0
10106811,1,3,0
10110092,4,3,0
10142310,4,3,0
10156563,3,3,0
10181651,1,2,0
10212504,2,3,1
10220061,0,1,3
10234384,5,3,0
10236742,3,0,0
10266524,3,3,2
10289551,3,3,0
10313557,4,3,0
10317950,4,3,1
10449346,1,3,0
10451835,4,3,0
10467789,0,1,0
10468650,6,0,0
10490914,1,3,0
10538526,5,3,0
10554597,5,3,1
10617679,4,3,0
10625033,4,3,0
10631651,0,0,0
10631884,0,0,0
10632890,5,3,3
10657894,2,3,0
10659339,2,3,2
10667403,4,3,0
10675780,1,3,0
10706120,0,0,0
10839580,1,3,0
10879061,4,0,3
10905642,4,3,0
10923668,5,3,3
10925590,0,1,0
10951098,4,3,0
10955702,7,3,3
10970301,2,3,1
10992098,3,3,0
11007009,3,3,0
11022271,6,0,0
11051002,1,3,3
11064188,2,3,0
11074228,5,3,0
11130144,2,3,1
11135091,1,3,0
11141158,3,3,0
11142037,1,3,0
11168092,3,3,3
11173033,1,3,0
11212805,4,3,3
11224146,3,3,0
11239705,3,3,0
11278671,3,3,0
11280109,2,3,1
11282342,3,0,3
11320930,1,2,3
11389692,3,3,3
11433014,4,3,0
11433327,2,2,1
11437740,1,3,0
11451964,1,3,0
11465943,3,2,0
11534553,1,3,0
11564002,4,2,0
11564996,3,0,0
11565895,5,3,0
11585086,1,3,0
11627554,1,3,0
11641620,4,0,3
11643973,1,3,0
11647571,4,3,1
11660471,2,3,0
11664153,1,3,0
11686946,2,4,0
11712809,1,3,0
11742735,4,3,2
11746295,0,1,0
11760153,4,3,2
11764425,3,3,0
11777209,2,0,0
11787273,1,3,0
11798555,3,3,0
11801391,0,0,0
11806250,2,0,3
11818894,3,3,0
11837963,2,3,0
11848757,1,3,0
11855145,3,3,0
11863768,2,3,0
11864992,3,3,0
11883471,3,3,0
11898024,1,3,0
11920266,0,0,0
11924846,5,3,0
11941828,2,3,0
11950839,4,3,3
11952229,3,3,0
11954380,4,3,3
11956368,5,3,0
11960946,1,3,0
11968541,4,0,0
11968928,1,3,3
12005152,1,3,0
12026329,1,3,0
12082852,3,4,0
12107130,4,3,2
12107595,6,0,3
12140449,3,3,0
12148466,1,3,0
12169547,1,3,0
12175640,3,4,0
12178580,4,0,3
12185444,4,0,3
12194579,2,3,0
12208223,3,3,0
12212629,0,1,3
12239617,1,3,0
12245263,1,3,0
12256406,3,3,1
12261334,1,3,0
12282802,2,3,1
12300295,3,3,0
12348711,3,3,0
12409994,1,2,0
12500875,4,3,2
12589625,0,0,0
12604634,4,3,0
12638235,2,3,2
12640275,2,3,3
12725323,2,3,3
12814150,0,0,0
12860001,3,3,0
12860149,5,3,2
12872593,3,3,1
12902434,0,0,0
12962585,1,3,0
12993248,2,3,1
13004046,5,3,1
13008991,3,3,0
13018617,0,0,0
13059832,2,3,1
13077712,2,3,0
13106531,3,3,3
13124688,3,2,3
13146729,2,3,2
13146798,2,3,2
13166526,4,3,3
13201202,3,0,3
13202194,0,1,3
13202396,3,3,3
13226698,2,3,2
13232118,5,3,2
13242653,1,3,0
13242956,1,3,0
13249191,4,3,0
13265355,3,3,3
13296070,2,3,2
13303428,6,3,3
13306431,5,3,3
13321769,3,0,3
13322137,2,0,3
13339590,5,3,1
13367607,2,3,0
13368310,3,3,1
13369938,3,3,0
13374719,2,3,0
13391832,3,3,0
13405010,2,3,0
13433385,1,3,0
13434068,1,3,1
13450032,1,3,0
13454709,3,3,1
13455501,2,3,1
13462249,3,3,2
13480854,3,3,0
13506658,2,3,0
13512495,1,3,0
13524580,3,3,1
13542977,1,3,0
13545152,4,3,0
13547726,7,2,0
13610583,1,4,0
13617241,1,3,0
13626540,2,3,1
13635824,3,3,0
13638618,3,3,0
13699131,2,3,1
13699667,1,3,0
13704968,2,3,2
13717985,1,3,0
13735881,1,3,0
13741144,3,3,0
13756871,1,4,0
13766767,3,3,3
13771265,3,0,3
13775583,3,3,2
13807351,0,0,0
13833229,3,0,3
13912771,5,3,0
13934620,1,3,0
13935221,2,3,0
13939920,5,0,3
13983616,1,3,0
14026602,1,3,3
14033928,0,0,0
14078031,6,3,2
14093627,1,3,0
14116476,2,3,0
14130363,1,3,0
14138992,3,3,1
14152721,2,3,1
14153813,1,3,0
14159845,4,3,0
14206606,2,3,0
14217532,3,3,0
14233702,0,1,0
14242656,1,4,0
14247719,3,0,3
14256752,2,3,2
14262661,3,3,0
14264949,1,4,0
14291424,3,3,1
14299775,0,0,0
14307902,2,3,1
14309696,3,4,1
14346739,7,3,1
14355897,2,3,0
14359887,0,1,0
14370126,2,3,0
14375184,2,3,1
14375455,2,3,3
14411176,3,3,1
14411928,1,3,0
14414991,3,3,3
14442439,1,3,0
14463334,1,3,3
14466253,1,3,0
14485066,2,3,3
14516763,4,3,3
14526191,3,3,2
14600672,3,3,0
14675414,3,3,1
14697258,3,3,0
14699703,3,3,0
14719029,2,3,3
14725488,6,3,3
14749661,0,2,0
14755456,3,3,1
14757713,3,3,0
14774316,4,3,3
14789734,5,3,3
14816838,0,0,0
14831101,3,3,0
14844861,4,3,2
14846600,3,3,2
14862200,3,3,0
14900994,5,3,2
14912339,3,3,3
14943765,5,3,3
14958919,2,3,0
14986184,5,3,3
15000153,0,0,3
15025575,5,3,1
15029162,2,0,3
15074214,1,3,0
15087988,3,3,1
15091219,1,3,0
15091600,2,3,0
15128562,1,3,0
15132803,3,3,0
15138035,5,3,1
15169103,3,3,3
15169401,3,3,0
15170593,0,0,0
15173182,2,3,1
15239606,4,0,3
15241506,3,3,2
15242025,4,3,0
15254724,0,0,0
15278057,4,3,3
15285270,0,0,0
15306045,3,3,1
15353697,3,3,1
15358657,5,3,3
15374307,3,3,1
15376214,4,3,3
15378970,0,0,0
15390548,5,3,3
15400114,4,3,3
15409608,3,3,1
15453394,3,3,2
15489602,3,3,1
15597126,4,3,3
15626624,3,3,2
15630019,0,0,0
15661129,2,3,3
15666330,2,3,1
15676011,0,0,0
15708496,3,3,1
15727925,3,3,1
15791286,3,3,0
15801329,4,3,0
15854198,5,3,0
15915355,4,3,3
16000285,1,4,0
16010448,1,3,0
16068376,5,3,3
16070062,0,0,0
16139525,2,3,0
16149964,3,3,1
16152789,3,3,2
16167895,3,3,0
16168219,7,3,3
16188356,0,0,0
16201407,4,3,3
16220091,0,1,0
16223313,3,3,1
16243351,4,0,0
16249242,3,3,1
16252793,6,3,2
16294328,2,3,0
16311136,3,3,3
16329153,1,3,0
16332165,5,0,3
16340126,2,2,0
16342986,1,3,0
16437345,5,3,0
16445383,0,0,0
16453348,4,0,3
16459039,1,3,0
16477137,2,3,2
16537730,3,3,0
16538855,3,3,1
16568214,0,0,3
16583367,4,3,1
16589490,3,3,3
16618715,3,3,0
16724793,2,3,0
16747436,3,3,1
16754209,2,3,1
16779906,5,3,3
16781930,4,3,1
16806785,4,3,3
16808821,0,0,1
16813257,3,3,0
16832233,3,3,0
16931214,3,3,2
16985924,5,3,0
16987931,4,0,3
17031783,3,3,1
17063578,6,3,2
17106215,3,3,0
17108758,4,0,3
17126267,4,0,3
17135148,3,3,0
17161010,5,3,0
17264945,2,3,1
17310688,5,3,1
17351198,3,3,2
17377962,3,3,0
17407278,3,3,0
17420352,3,0,3
17456078,3,3,1
17463122,4,2,1
17468358,1,4,2
17476967,6,3,1
17530278,3,3,0
17541084,4,3,3
17570659,2,3,3
17645085,0,0,0
17649193,4,3,0
17673942,4,3,3
17760092,3,3,1
17761352,3,3,2
17791751,3,3,1
17792738,0,2,3
17806788,2,3,3
17821777,3,0,3
17855005,4,0,3
17934726,5,3,3
17938531,3,3,1
17983357,3,3,0
18018958,1,3,0
18025233,5,3,0
18072174,3,3,1
18072288,1,3,0
18076463,4,3,2
18087166,5,3,1
18093873,2,3,0
18134203,5,3,0
18151521,4,3,3
18152461,2,3,0
18173761,1,3,0
18208240,3,3,2
18252956,5,3,1
18309012,2,3,0
18331072,5,3,0
18336284,4,3,3
18359335,3,3,2
18444591,1,3,0
18533341,3,0,3
18616826,4,3,3
18628381,2,3,0
18639586,5,3,3
18640177,4,3,3
18644841,3,3,3
18663466,2,3,0
18700017,3,3,1
18744164,5,3,0
18828012,5,3,3
18839845,1,3,0
18846513,3,3,0
18957842,7,3,0
18958116,0,0,0
18964605,3,3,1
18968106,0,1,3
18988461,5,3,0
19002032,5,3,0
19003249,3,3,2
19006592,3,3,1
19039363,4,3,3
19047863,0,0,0
19055241,0,0,3
19132285,6,0,3
19215122,3,3,1
19251392,5,3,1
19286733,0,0,0
19333338,1,3,0
19341696,0,0,0
19343170,3,0,3
19351745,1,4,0
19379385,4,4,1
19384322,4,3,1
19394929,5,3,2
19474878,5,3,3
19529122,6,3,3
19557042,4,3,0
19575261,4,3,2
19592976,2,3,1
19616325,4,3,3
19640525,5,3,0
19667895,0,1,0
19799615,5,3,0
19802148,5,3,1
19862531,7,3,0
19911058,5,3,1
19941883,1,3,3
20072138,0,2,0
20098596,4,3,3
20119316,3,3,0
20167139,4,3,0
20185164,4,3,1
20289466,5,0,0
20336469,2,3,3
20461753,6,0,3
20492432,0,0,3
20520825,4,0,3
20527204,1,4,0
20535723,0,1,3
20550404,1,4,0
20555222,3,3,1
20567759,1,3,0
20607645,7,0,0
20608574,3,3,0
20635816,5,3,0
20665725,1,4,0
20680161,5,0,3
20694170,2,3,1
20710299,6,3,3
20787845,5,3,0
20814622,5,3,0
20863175,1,3,0
20874012,0,0,0
20900423,5,3,2
20920507,3,3,0
20938783,3,3,0
20953620,4,3,2
20956340,1,4,0
20979508,5,3,1
20989627,3,3,2
21050837,0,0,0
21105224,4,3,1
21133154,5,3,2
21188442,4,0,3
21208278,5,0,0
21236388,4,3,2
21237764,4,2,0
21246054,5,3,0
21246188,5,3,0
21265761,4,3,0
21290105,4,3,2
21308442,5,4,3
21392126,3,3,0
21399262,1,3,0
21421599,0,0,0
21481960,5,3,1
21485583,3,3,3
21509521,1,3,0
21514789,3,3,0
21547835,4,3,0
21578250,1,3,0
21583921,0,1,0
21625853,1,3,1
21643505,3,3,1
21654054,5,3,0
21681678,3,3,0
21691483,3,3,0
21693012,4,3,3
21743546,4,3,0
21806789,5,3,2
21824317,3,3,2
21836080,1,3,0
21900647,1,3,0
21911021,4,3,0
21968268,2,3,1
22011990,1,3,0
22021848,6,3,1
22051957,1,4,0
22054803,2,3,0
22057275,5,3,1
22089751,5,3,0
22090238,0,0,0
22103689,5,3,0
22103815,5,3,0
22140791,1,3,0
22199039,2,3,1
22204700,5,3,0
22212897,3,3,1
22222222,0,2,0
22247784,6,3,3
22261128,4,3,0
22272346,4,3,2
22291370,1,4,0
22300864,0,0,0
22305789,5,3,0
22365466,4,3,0
22391381,5,3,0
23154530,1,4,0
23226375,4,3,1
23235506,4,3,0
23320459,4,0,3
23345082,5,3,0
23356701,2,3,0
23422002,5,3,0
23438144,5,3,0
23454590,2,3,2
23585878,6,3,1
23594923,3,3,0
23626471,4,3,3
24237484,4,3,1
24238134,5,3,3
24246856,0,0,0
24247762,3,3,2
24257236,5,3,0
24272127,4,3,3
24273325,5,3,3
24276088,1,3,0
24296350,1,3,0
24302376,6,0,3
24309880,1,3,0
24311450,0,4,3
24362266,1,3,0
24392290,5,3,0
24411445,4,3,0
24463784,4,3,1
24492185,4,3,0
24567810,1,4,0
24568562,3,3,0
24584274,3,3,1
24633217,3,3,0
24653362,4,3,2
24672843,4,3,1
24690470,3,3,1
24714612,6,3,0
24765748,3,3,0
24788673,3,3,0
24811499,3,3,0
24850344,4,3,0
24933367,4,3,2
25023965,3,3,1
25084927,1,4,0
25102006,5,3,0
25121786,5,3,0
25126001,4,3,3
25126221,2,3,1
25133781,3,3,0
25139272,6,3,0
25159735,1,4,0
25163596,3,3,1
25179842,4,3,1
25198273,0,3,0
25214886,6,0,0
25247059,4,3,0
25319151,6,4,0
25325495,2,3,0
25328924,3,3,2
25333191,4,0,3
25355534,5,3,0
25377707,5,3,1
25440846,3,3,0
25470201,6,3,0
25547933,3,3,0
25584120,1,3,0
25623578,4,3,1
25673838,2,3,0
25674590,1,4,0
25739744,4,3,3
25762850,0,1,0
25769035,5,0,3
25795399,5,3,0
25796488,1,4,0
25797718,4,3,0
25849693,2,3,0
25855804,3,3,3
25886024,5,0,3
25888372,5,3,1
25957327,3,3,0
25961287,1,4,0
25969464,6,3,1
25972978,3,3,2
25985765,4,3,0
26040891,5,3,0
26050796,3,3,0
26070995,5,3,0
26095850,3,3,1
26102677,3,3,1
26110896,0,0,0
26149438,5,3,0
26181708,3,3,1
26195041,1,4,0
26245077,4,3,3
26248615,3,3,1
26253430,4,3,0
26293860,3,3,3
26317634,6,3,0
26339322,3,3,0
26345368,4,0,0
26364476,4,3,0
26366424,1,4,0
26369914,4,3,3
26392511,3,0,3
26417571,1,4,0
26445854,3,3,2
26455905,5,3,0
26457307,1,4,0
26481886,5,3,0
26501286,0,0,0
26553119,0,0,0
26561853,2,0,3
26571325,5,0,3
26586441,0,0,0
26621962,4,3,1
26634909,6,3,1
26657101,5,3,0
26662579,3,3,1
26677629,4,3,3
26713119,3,3,0
26719855,6,0,0
26737976,6,0,0
26758645,2,3,2
26817821,0,0,1
26831088,5,3,0
26848927,5,0,3
26857730,3,3,0
26866977,3,3,1
26879727,3,3,0
26892189,4,3,0
26897731,7,3,0
26897899,6,3,2
26908729,3,3,1
26917670,3,0,3
26934084,6,3,1
26944144,4,3,0
26949498,3,3,1
26961602,1,4,0
26973151,4,3,0
26998903,3,4,1
27002407,5,3,0
27009503,5,3,0
27014356,5,3,3
27047376,6,3,0
27064406,3,3,1
27078234,1,3,0
27080757,4,3,0
27091198,2,3,1
27097989,3,3,2
27108620,5,3,0
27126970,0,0,0
27131405,2,3,3
27187922,4,3,1
27196447,5,0,3
27202275,3,3,0
27216261,4,3,0
27244376,3,3,0
27295246,5,3,0
27319926,3,3,0
27340253,4,3,0
27345113,5,3,0
27348455,7,3,1
27351548,1,4,0
27375430,3,3,2
27379901,0,0,1
27381741,5,0,0
27399722,6,3,0
27402979,5,3,0
27412755,4,3,1
27444368,6,3,3
27461867,4,3,1
27468061,6,3,0
27483789,6,3,0
27490917,5,3,0
27493596,1,3,0
27505339,4,3,0
27511066,5,3,1
27511695,1,3,0
27512720,7,3,2
27512755,4,3,0
27521726,5,3,2
27549881,4,0,3
27553978,2,3,1
27555968,3,3,0
27561255,5,3,0
27577295,4,3,0
27585462,5,2,1
27613263,4,3,0
27613882,2,3,2
27615887,5,3,2
27622980,5,3,0
27658360,4,3,0
27671496,4,3,0
27671626,5,3,2
27678958,4,3,2
27686966,4,3,2
27688395,8,3,0
27691909,5,0,3
27694897,5,3,0
27698001,4,3,1
27706599,5,3,0
27708975,3,3,1
27718036,1,3,0
27726944,5,0,3
27732180,5,3,1
27732414,4,3,0
27732941,5,3,0
27742831,4,0,3
27749048,4,3,0
27750117,5,3,1
27756394,5,3,2
27758512,4,3,1
27764768,0,0,0
27794192,7,3,1
27799104,5,3,1
27850090,6,0,3
27857651,3,3,0
27868988,3,3,0
27873500,4,3,2
27876303,5,3,0
27876551,6,3,3
27880801,5,3,2
27884059,3,3,1
27885526,4,3,2
27889774,4,3,1
27903739,1,3,0
27911548,3,3,0
27921164,0,0,0
27924224,3,3,1
27927772,4,3,1
27929950,4,3,0
27933629,4,3,3
27942235,5,3,2
27944029,4,3,2
27973097,5,0,3
27973831,5,3,1
27986773,4,3,3
27996063,5,0,0
27998373,3,0,3
28001150,5,3,0
28044026,3,3,0
28053675,4,0,3
28071490,5,3,2
28088958,5,3,1
28090168,4,3,2
28095214,5,3,3
28124157,5,0,3
28127292,6,3,1
28133724,4,3,1
28134808,4,3,2
28135247,4,3,1
28136198,5,0,3
28151682,4,3,0
28151870,5,3,1
28155165,4,3,1
28159148,3,3,0
28159567,3,3,0
28179535,4,0,3
28193241,4,3,0
28225110,6,3,0
28234478,4,3,1
28237741,5,3,1
28255647,3,3,1
28268997,3,3,0
28270854,5,3,1
28278445,4,3,0
28280534,4,2,3
28286461,4,3,2
28301702,3,3,0
28315139,4,3,3
28349053,5,0,3
28358943,4,3,2
28359567,0,0,0
28367010,0,0,0
28371519,5,3,1
28384474,0,0,0
28408904,0,1,0
28469666,0,1,0
28472011,0,0,0
28484642,4,0,3
28505366,0,0,0
28528529,5,3,0
28535087,5,0,3
28569741,6,3,3
28577061,5,3,0
28577725,6,0,3
28593191,6,3,0
28599164,3,3,0
28601858,2,3,1
28611282,5,3,0
28622533,5,3,1
28633298,5,0,0
28644889,4,3,1
28653115,4,3,2
28666722,3,3,1
28668956,0,0,0
28670092,5,4,3
28677296,7,3,0
28710616,3,3,1
28715752,5,3,1
28716097,4,3,1
28723547,6,0,3
28760236,3,3,3
28771292,5,3,0
28794068,5,3,2
28811010,6,3,3
28837190,4,3,0
28841284,0,3,2
28854503,4,3,1
28879542,5,3,0
28902117,3,3,1
28905124,3,3,3
28911564,4,3,3
28967462,0,2,0
28989518,1,4,0
29012340,4,3,1
29044471,5,3,0
29046800,1,3,0
29053886,6,3,3
29071134,5,3,2
29074592,5,0,3
29094196,5,3,1
29135044,1,4,0
29238291,3,3,0
29241170,5,3,3
29306442,3,3,2
29318770,4,3,1
29322596,4,3,0
29325929,0,0,0
29338581,3,0,3
29369178,7,3,1
29424929,5,4,0
29524575,4,3,0
29559838,5,3,0
29566570,5,3,0
29585028,0,0,0
29587046,0,2,0
29625388,6,3,2
29630142,4,3,2
29636672,4,3,0
29640364,5,3,0
29642346,5,3,1
29665873,3,3,3
29676873,0,0,1
29677613,5,3,2
29688524,5,3,1
29728555,5,3,3
29742002,5,0,3
29754711,6,3,2
29757387,4,3,1
29804725,5,3,2
29811424,5,3,2
29817911,5,0,3
29854369,4,3,0
29897731,4,3,0
29917857,3,3,3
29918298,5,3,1
30026352,1,3,0
30031202,5,0,3
30066640,0,0,0
30111258,4,0,3
30159262,5,3,0
30170393,3,3,0
30190181,5,3,3
30225532,3,3,0
30239113,4,3,3
30239125,0,0,0
30271219,5,3,2
30296254,4,3,0
30300756,4,3,1
30304673,4,3,0
30434082,2,3,1
30460113,5,3,1
30468868,3,3,0
30516656,5,3,0
30602388,4,3,2
30679835,5,0,0
30682788,4,3,1
30701522,5,3,3
30795257,4,3,3
30807709,5,3,1
30889711,0,0,0
30893856,5,3,1
30896592,5,3,2
30916251,1,4,0
30940090,2,3,1
30968107,3,3,1
30976101,4,3,0
30993741,5,3,0
31014872,4,3,0
31031105,5,3,0
31087323,4,3,0
31126268,6,3,2
31198704,5,3,1
31222183,5,3,1
31235562,7,3,3
31261633,5,3,0
31265587,3,3,0
31280642,3,3,1
31346292,1,3,0
31376835,5,3,2
31493844,3,4,1
31509948,5,3,3
31533991,3,3,0
31537385,5,3,0
31609467,3,3,0
31637322,5,3,3
31674919,2,3,0
31677770,5,3,1
31680891,5,3,1
31725532,4,3,1
31751071,5,3,1
31761917,3,3,2
31779689,3,3,3
31779694,6,0,3
31790191,3,3,3
31808358,5,3,0
31810357,4,3,2
31811347,5,3,1
31850130,5,3,3
31884016,5,3,0
31927876,5,3,0
31930042,4,4,0
31944232,3,3,0
31949578,5,3,1
32022522,3,3,0
32029326,5,0,0
32039745,5,3,3
32076629,4,0,3
32093983,4,3,3
32122593,3,3,1
32125383,5,3,2
32142382,4,3,0
32185616,3,3,0
32246695,5,3,1
32255747,5,3,1
32287561,2,3,3
32322618,5,3,1
32338202,3,3,0
32376428,4,3,2
32400752,2,3,0
32402517,5,3,0
32425762,6,3,2
32456125,4,0,3
32469248,3,3,3
32472477,4,0,3
32490323,4,3,2
32504237,1,3,0
32559622,4,3,1
32567567,4,3,0
32569165,4,3,0
32586330,3,3,3
32590109,6,0,1
32606466,6,0,3
32614529,5,3,0
32618833,5,3,1
32644040,4,0,0
32646368,4,3,2
32713497,1,0,0
32781965,5,3,1
32881506,5,3,0
32892077,4,3,0
32943934,5,3,0
32949239,3,3,1
32974967,5,3,3
32978577,1,3,0
32985059,6,3,3
33015935,3,3,0
33111405,6,0,3
33118209,5,3,1
33163446,4,3,0
33178604,2,3,0
33182872,5,3,0
33200652,2,3,2
33231469,1,3,0
33262798,3,3,3
33281223,4,3,0
33295231,5,4,0
33322088,3,3,2
33324447,0,0,0
33327690,1,4,0
33364003,0,0,0
33368244,3,3,3
33375042,5,3,1
33381128,5,3,0
33417007,5,3,2
33423384,6,0,0
33426078,5,3,0
33430251,5,0,3
33480358,0,1,0
33483857,6,3,3
33486221,5,3,0
33510883,3,0,3
33516441,5,3,0
33541887,2,3,0
33545237,4,3,0
33599790,5,3,0
33613966,6,0,0
33615549,6,3,3
33618317,3,3,0
33641666,5,3,1
33646206,4,3,1
33649897,4,3,0
33682864,4,3,1
33713705,5,3,1
33735070,3,3,0
33735921,3,3,2
33740636,4,3,0
33754836,3,3,0
33756276,4,3,0
33766299,0,2,0
33778793,7,3,0
33783389,3,3,1
33805942,3,3,1
33840910,6,0,0
33852090,0,2,0
33855024,2,3,2
33861234,5,3,0
33891905,3,3,3
33894915,6,3,3
33910978,0,0,0
33931378,5,3,0
33932022,2,3,0
33982375,3,3,0
33985856,2,3,0
34025384,4,3,0
34044719,2,3,3
34059030,1,4,0
34082873,5,3,0
34085843,5,3,3
34085956,4,3,1
34098095,3,4,0
34105452,6,3,0
34112322,3,3,1
34142510,5,3,0
34167869,7,3,2
34168272,3,3,1
34172292,5,3,0
34194741,5,3,0
34222175,6,3,0
34224737,2,3,0
34238194,2,3,0
34270054,5,3,0
34274036,3,3,0
34281171,5,3,0
34281293,3,3,1
34288615,4,3,3
34292823,4,3,0
34307885,3,3,1
34309016,3,3,1
34339908,4,3,0
34362654,3,3,1
34407464,5,3,1
34413161,2,3,3
34446044,4,3,3
34462031,4,2,0
34485225,1,2,0
34503142,3,3,3
34512923,3,3,1
34523116,3,3,3
34550442,4,3,0
34559345,4,3,0
34584192,4,3,0
34591790,0,0,0
34629333,3,3,1
34665666,3,3,2
34674455,5,3,0
34678776,5,3,1
34686321,5,3,3
34693361,3,3,1
34720272,5,3,1
34746999,5,0,0
34749502,2,3,2
34792520,4,3,2
34799197,2,0,1
34809133,4,3,2
34821468,6,0,0
34848621,6,3,1
34851342,5,3,0
34889714,3,3,1
34903466,4,3,2
34911518,2,3,1
34917007,6,3,1
34934133,0,1,0
34943529,4,0,3
34957110,4,3,1
34973701,3,3,0
34983123,0,0,0
34984185,4,3,0
35003644,3,3,2
35072716,7,3,2
35114282,3,3,3
35125473,6,0,1
35129636,6,0,3
35150795,3,3,0
35172367,4,3,1
35186842,2,3,1
35218933,5,3,2
35243380,6,3,0
35243482,3,3,3
35243805,3,3,0
35243904,3,3,2
35276296,3,0,3
35279673,3,3,0
35326768,3,3,2
35335302,5,3,0
35337658,4,3,0
35354322,4,3,1
35355093,4,3,1
35378139,5,3,0
35387553,5,3,0
35408211,6,3,1
35427356,6,3,0
35444726,3,3,2
35455451,6,0,0
35461062,5,3,3
35476878,4,3,3
35494138,2,3,1
35501768,4,3,0
35535412,5,3,3
35536537,6,3,3
35550936,5,0,3
35553457,5,0,3
35569937,4,3,0
35574883,5,0,3
35612401,6,0,0
35613958,4,3,1
35621078,4,3,0
35631570,0,0,0
35633113,3,3,1
35685475,4,3,0
35716135,3,3,0
35736229,4,3,1
35750087,2,3,0
35776384,3,3,2
35789401,6,4,0
35794138,4,3,0
35795923,5,3,2
35803436,5,3,0
35807448,5,0,0
35834655,5,0,1
35844907,2,4,0
35872642,3,3,0
35873594,4,0,2
35880586,3,4,0
35883263,5,0,1
35886087,3,3,3
35888332,4,3,0
35900924,5,3,3
35904510,3,3,0
35912896,5,0,3
35937985,2,3,0
35951552,5,3,1
35959616,5,0,0
35964108,4,3,0
35992055,6,0,0
36001174,4,3,0
36049833,5,0,3
36104138,4,3,1
36113416,5,3,0
36135138,1,4,0
36140317,4,3,0
36156450,0,0,0
36177627,3,3,2
36184111,0,1,0
36216078,6,3,1
36216543,2,3,0
36220921,4,3,1
36228054,6,0,0
36247743,5,3,0
36278898,4,3,1
36287859,1,3,0
36311917,4,3,0
36327160,7,3,0
36376351,4,3,0
36444197,4,3,0
36461098,3,3,0
36500807,6,3,0
36560322,3,3,0
36581520,5,3,0
36593926,3,3,0
36608503,4,3,2
36612486,1,3,0
36616381,3,3,2
36636828,6,0,1
36638996,3,3,0
36647186,5,3,1
36652594,2,3,1
36670755,4,3,0
36725513,0,0,0
36761322,5,3,0
36764284,5,3,0
36785842,5,3,1
36792656,7,3,0
36804834,5,3,1
36815388,5,0,0
36821194,3,3,0
36827363,4,3,0
36836395,4,3,0
36847362,5,3,0
36863586,6,3,0
36923792,4,3,1
36928158,7,3,0
36946576,7,3,2
36983991,7,3,0
36995744,0,0,0
37020582,1,3,0
37025952,6,3,1
37030022,5,3,0
37046264,3,3,0
37054192,5,3,3
37062907,4,3,0
37073219,4,3,2
37074698,2,3,0
37092391,6,0,1
37100432,6,3,0
37113391,3,3,2
37121570,5,3,0
37133592,5,3,0
37138256,6,3,1
37141008,6,3,3
37142159,3,3,0
37144832,3,3,0
37148359,3,3,3
37149881,6,3,0
37153707,4,3,1
37158612,2,3,0
37182612,4,3,0
37182888,2,3,1
37187779,6,3,0
37188385,5,3,0
37188788,5,3,1
37195480,4,3,0
37227369,4,3,2
37252647,4,3,0
37258518,3,3,0
37288224,1,3,0
37288252,6,3,0
37289862,5,3,1
37293876,3,3,0
37306732,4,3,0
37315871,3,3,0
37318596,4,3,1
37322842,2,3,0
37387301,5,3,0
37416098,4,3,1
37416196,4,3,1
37430971,3,3,0
37441791,5,4,1
37452384,7,3,3
37470855,4,3,0
37503992,5,3,0
37514478,3,3,1
37542143,3,3,1
37552745,7,0,3
37570494,3,3,0
37571922,5,3,0
37594213,7,0,1
37602605,6,3,0
37615327,5,3,2
37646413,5,4,0
37652474,3,3,0
37659783,2,3,0
37663677,5,3,1
37703328,7,3,0
37712174,3,0,3
37721177,4,3,0
37725059,3,3,0
37735861,3,3,0
37745574,5,3,0
37756635,4,3,0
37871060,3,3,0
37875280,4,3,0
37880841,5,3,0
37882088,4,0,0
37904378,4,3,0
37912028,3,3,0
37925002,8,4,0
37929778,6,3,3
37939603,5,3,1
37977874,4,3,0
37983188,4,0,3
37983827,6,3,1
38046913,4,3,0
38051643,5,0,3
38054543,1,4,0
38089650,3,3,0
38117798,4,3,2
38178823,6,0,0
38181863,6,3,0
38208410,5,3,0
38276766,5,3,0
38282314,4,3,3
38299656,7,3,0
38348152,2,3,0
38348721,3,3,1
38355228,0,0,3
38376528,4,0,3
38376896,3,3,0
38378294,6,3,1
38398081,5,3,0
38407983,4,3,0
38412787,3,3,0
38427014,0,0,3
38433400,0,0,0
38435501,7,3,0
38484036,4,3,1
38517145,4,3,0
38526130,4,3,1
38536880,3,3,2
38561825,3,3,0
38597331,4,3,0
38599234,5,3,0
38602074,0,0,0
38633078,6,3,0
38638516,4,3,0
38648265,5,3,0
38648500,4,0,3
38650659,1,3,0
38655691,1,3,0
38657630,4,3,0
38659701,7,0,0
38660306,3,3,0
38664015,1,3,0
38678918,3,3,0
38679385,3,3,0
38691391,6,0,0
38693138,5,3,0
38699551,4,3,1
38719392,7,0,0
38750426,5,3,2
38761290,6,0,3
38762720,6,0,2
38771498,6,0,0
38784253,3,3,1
38809938,4,3,0
38810594,4,3,1
38811712,5,3,0
38824147,5,3,0
38859515,3,3,1
38864397,0,0,0
38875591,4,3,1
38896404,5,3,0
38955810,5,3,3
39003413,4,3,0
39029050,3,3,0
39032008,6,3,1
39081454,6,3,1
39101602,2,3,0
39112456,5,3,0
39113837,3,3,1
39122651,4,3,1
39159941,0,2,0
39171611,7,3,0
39189672,3,3,0
39237390,6,3,0
39268663,5,3,2
39280380,5,3,0
39291672,5,0,0
39306581,3,3,1
39333653,4,3,0
39349811,5,0,0
39354797,3,3,0
39355458,5,3,0
39368204,1,3,0
39373091,5,3,0
39391854,3,3,0
39400668,0,0,0
39428299,1,4,0
39440708,4,3,1
39441368,5,3,0
39475333,4,3,0
39502342,2,3,0
39519267,4,3,0
39558623,3,3,0
39585551,4,0,3
39592560,0,3,0
39598210,6,3,0
39634411,4,3,0
39649181,6,3,0
39701855,4,3,0
39721521,5,3,0
39752602,5,0,0
39768220,6,3,0
39780143,0,1,0
39804105,5,3,0
39847296,4,3,0
39853981,7,3,0
39858800,7,3,0
39867592,6,0,0
39873650,4,3,0
39896445,5,3,0
39955946,1,3,0
39961518,3,3,2
39962190,5,3,0
39971192,3,3,0
39983780,5,3,0
40004670,3,3,3
40005132,5,0,0
40013420,6,3,0
40028666,4,3,0
40030812,4,3,0
40045030,6,3,1
40079649,5,3,3
40083560,5,3,3
40110241,5,3,2
40138985,2,3,0
40149755,3,3,0
40182264,4,3,0
40190228,6,3,0
40200409,5,3,0
40202946,5,3,0
40210543,4,3,0
40235681,6,3,0
40248318,5,3,1
40248544,6,0,0
40259147,6,3,0
40264309,6,3,0
40278538,4,3,0
40281714,3,3,0
40290362,4,3,0
40300630,3,3,0
40323693,6,3,1
40335273,3,3,1
40350276,3,3,0
40399422,3,3,0
40421604,4,3,0
40450715,6,3,0
40480743,6,0,0
40518726,6,3,0
40530949,5,3,0
40543561,6,0,0
40565204,3,3,0
40600343,3,3,0
40615753,5,0,0
40631606,3,3,0
40638411,5,3,0
40641787,5,3,2
40647569,6,0,0
40648007,5,3,0
40686834,6,3,1
40687239,6,3,0
40693939,3,3,0
40715921,4,3,0
40752315,5,3,0
40783775,5,4,0
40785607,4,2,0
40788922,0,0,1
40794743,3,3,0
40829615,6,3,0
40838628,5,3,1
40844755,5,3,0
40851847,4,3,0
40860289,4,3,0
40862224,3,3,0
40888157,6,0,1
40912598,5,3,0
40929572,4,3,1
40937291,7,3,0
40946217,2,3,0
40978793,6,3,0
40984796,5,0,0
40995123,5,3,0
40997271,4,3,0
41040720,4,3,2
41063828,5,3,0
41069332,5,3,0
41094512,5,3,2
41111520,3,0,0
41114101,5,3,1
41117711,4,3,0
41173775,0,0,3
41202256,5,0,0
41220983,6,3,0
41232393,1,4,0
41233773,4,3,1
41267830,4,0,3
41310770,5,3,0
41323528,5,3,2
41327817,4,3,0
41393423,3,3,0
41398044,3,3,1
41412398,6,3,0
41414915,6,3,0
41423488,6,3,0
41429267,4,3,0
41469085,3,3,0
41521672,5,3,0
41526636,3,3,0
41546807,5,0,1
41577437,4,0,1
41605079,5,3,2
41621791,1,4,0
41622669,0,1,0
41651369,4,3,0
41678017,5,3,1
41728183,3,3,1
41759096,4,3,0
41764253,3,3,1
41834526,5,3,0
41871542,0,0,0
41887446,6,0,3
41899309,7,3,0
41899916,4,3,0
41911110,4,3,0
41929584,5,0,3
41962665,4,3,1
41970831,6,3,0
42008751,4,3,0
42074196,4,0,1
42077238,6,3,0
42088280,2,3,1
42096425,3,3,1
42175669,4,0,0
42226669,6,3,0
42234849,4,3,1
42244814,4,3,3
42275741,5,3,0
42281149,1,3,0
42303076,5,3,0
42304186,4,3,0
42360642,3,3,0
42376812,4,3,0
42385073,4,3,0
42401312,4,3,0
42469848,6,3,3
42503043,3,0,0
42510008,4,3,2
42512609,6,0,1
42513524,5,3,1
42547158,6,3,2
42556058,6,3,0
42572596,5,3,0
42607376,4,3,0
42614318,1,3,0
42623959,0,1,0
42637809,3,3,1
42658270,5,3,0
42676397,1,3,0
42683830,4,3,0
42685872,6,3,0
42720224,4,3,1
42725275,5,3,1
42798158,5,3,0
42809741,5,0,1
42824755,6,3,0
42854289,4,3,0
42936630,5,3,0
42986230,2,3,0
43000402,4,3,0
43010564,6,3,0
43028846,7,3,1
43028970,6,3,0
43053150,5,3,0
43130199,3,3,1
43144531,5,3,0
43156547,5,3,0
43163271,3,3,0
43168685,6,3,1
43182384,4,3,0
43186409,4,3,0
43187821,3,3,2
43196502,5,3,0
43228306,6,3,0
43239088,4,3,0
43240913,6,3,3
43247314,5,3,0
43263590,4,3,0
43288720,3,2,0
43310705,6,3,0
43317967,7,0,0
43328147,6,0,0
43372336,7,3,0
43393334,3,3,0
43404983,4,0,1
43442841,4,3,3
43481365,6,3,0
43481857,3,3,0
43486519,4,3,0
43512418,3,3,1
43572743,5,3,0
43608855,0,0,0
43646022,6,3,0
43649834,6,3,0
43659440,5,4,0
43660446,6,0,0
43664452,4,3,1
43700348,3,0,1
43704170,5,3,0
43709501,6,3,0
43711117,4,3,0
43765016,6,3,3
43775463,5,3,0
43776397,3,3,0
43796881,3,3,2
43847085,5,3,0
43885557,3,3,2
43896656,7,0,0
43908596,7,4,0
43913043,3,3,0
43975195,5,3,0
43981236,3,3,0
44005037,4,3,0
44005607,3,3,0
44013066,6,3,0
44013907,4,3,0
44022754,4,3,0
44043074,4,3,0
44051947,6,0,0
44063088,9,3,0
44068726,5,3,1
44083098,2,3,0
44093849,5,3,0
44097123,4,3,1
44119233,5,3,0
44123815,0,0,0
44133646,4,3,0
44153874,3,3,0
44167859,5,0,2
44169227,6,3,0
44172363,4,0,0
44217881,4,3,3
44227133,6,3,1
44255013,6,0,0
44257117,5,0,0
44261113,7,0,0
44262164,3,3,0
44294870,4,3,0
44341821,3,3,1
44354759,5,3,2
44358888,4,3,1
44413547,4,3,0
44425561,4,3,1
44438549,3,3,1
44454620,4,0,2
44471810,6,0,0
44473756,0,0,0
44480809,6,3,0
44530825,3,3,2
44567922,7,0,0
44568447,2,3,0
44570068,6,0,1
44575095,6,3,1
44581070,4,3,0
44628265,3,3,1
44637617,5,3,0
44648075,6,3,0
44648554,4,3,1
44655590,4,3,1
44685511,5,3,0
44691874,5,3,2
44694210,5,3,0
44707012,6,3,0
44709571,4,3,0
44749165,3,3,0
44767092,5,3,1
44793604,4,3,0
44801448,4,3,1
44803127,5,3,0
44807198,5,3,0
44815898,4,3,0
44842403,7,0,0
44848221,4,3,0
44889499,7,3,0
44911670,4,3,2
44916437,5,3,1
44916455,6,3,0
44967443,0,0,0
44984508,6,3,0
44989028,4,3,1
45054403,4,4,0
45103615,3,3,0
45112204,5,3,2
45124276,4,3,1
45125616,6,3,3
45132914,5,3,1
45136967,3,3,1
45137951,0,0,0
45139699,5,3,0
45162941,4,3,0
45175370,4,3,0
45185809,5,3,3
45211317,6,3,0
45224338,6,3,0
45234999,5,3,1
45242453,6,3,1
45268719,5,3,0
45272833,3,3,0
45280941,3,0,3
45292515,4,3,0
45328938,5,3,1
45346012,5,3,0
45352964,5,3,2
45383382,3,3,0
45387941,4,3,0
45396670,6,3,1
45398150,0,0,0
45465137,5,3,0
45467366,4,3,1
45479451,7,0,3
45500025,5,3,0
45505836,5,3,0
45510912,4,3,0
45527599,5,3,0
45587808,7,0,0
45606371,5,0,1
45610765,4,3,0
45612066,7,3,0
45612793,3,3,0
45616374,4,0,2
45618958,4,3,0
45625508,6,3,0
45654553,6,3,0
45670983,3,3,0
45682717,4,3,1
45683998,5,0,0
45692214,6,3,1
45692395,4,3,3
45722853,3,3,1
45734138,4,3,0
45734537,4,3,3
45776999,4,3,0
45778487,4,3,0
45786260,4,3,1
45806018,6,3,0
45806364,6,3,0
45808285,1,3,0
45851787,0,1,0
45883818,3,3,0
45887485,6,3,1
45902882,4,3,1
45923738,0,0,2
45936729,3,3,0
45944344,4,3,0
45946965,7,0,3
45957149,5,0,1
45957326,0,3,0
45957365,4,3,0
45981720,0,0,0
45984397,5,3,0
45986890,3,3,1
45991845,3,0,0
46011470,5,3,0
46050008,5,3,0
46073681,4,3,1
46083532,5,0,3
46104803,6,0,0
46113291,5,3,1
46115105,4,3,0
46115151,6,3,0
46118532,4,3,2
46119474,6,3,0
46143208,5,3,0
46148327,6,3,0
46153135,4,4,0
46153614,5,0,0
46153819,5,3,1
46193030,6,3,0
46195386,3,3,0
46201715,4,3,0
46216333,5,3,0
46231796,5,0,3
46251954,5,3,0
46263256,5,3,1
46282671,4,0,0
46291020,4,3,0
46291865,7,3,0
46300181,4,3,0
46318295,5,3,0
46332930,3,3,2
46352783,5,3,0
46362408,2,3,0
46437162,6,3,0
46451535,5,3,0
46454425,6,3,2
46488567,6,3,1
46495363,6,3,0
46496952,6,0,0
46500239,6,3,0
46509159,6,0,0
46513479,5,3,0
46515768,5,3,0
46535663,4,3,1
46567211,5,3,2
46593319,1,3,0
46595118,4,3,0
46601488,5,0,0
46660515,5,3,0
46664545,5,3,0
46694791,3,3,0
46697878,6,3,1
46702422,7,0,0
46740868,3,3,0
46755826,4,3,0
46757588,5,3,2
46761192,3,3,1
46795606,5,3,0
46803044,5,3,0
46861826,5,3,1
46872476,6,3,0
46887932,5,3,0
46909369,4,3,0
46919869,0,1,0
46933297,5,0,0
46961447,5,3,2
46962920,5,3,0
46964214,5,3,0
46976945,3,3,0
46987033,4,3,0
46996955,4,0,0
47037186,0,0,0
47041321,3,3,0
47064878,6,0,0
47075412,4,3,0
47089858,4,3,0
47090080,5,3,1
47109338,3,3,0
47109619,4,3,1
47110678,5,3,1
47111818,0,0,0
47126068,4,3,0
47127209,7,3,0
47127434,4,3,2
47139223,0,0,0
47148086,4,3,0
47167315,3,3,3
47171578,4,3,0
47228812,7,3,0
47230317,5,3,0
47232188,6,3,0
47234469,4,3,1
47284418,5,3,0
47286014,6,3,0
47293109,4,0,0
47298572,4,3,1
47307121,6,0,3
47310327,5,3,0
47314885,5,3,0
47324340,3,3,0
47337604,4,3,1
47346090,2,3,1
47355280,6,3,0
47381374,7,3,2
47388525,5,3,0
47394296,4,3,0
47398175,5,3,0
47408333,1,3,0
47412168,4,3,0
47435817,5,3,0
47457734,0,1,0
47467613,3,3,0
47468160,4,3,0
47480413,5,0,0
47499900,4,3,0
47517278,4,3,0
47522042,5,3,0
47523099,5,3,1
47553864,5,3,0
47556772,6,3,0
47562634,4,0,0
47571009,6,3,0
47579492,2,3,3
47597289,4,3,0
47598074,5,3,0
47627038,4,3,1
47627583,4,3,0
47629156,5,3,0
47634785,4,3,0
47646741,6,3,0
47653177,5,3,1
47673627,6,3,0
47677301,6,3,0
47693922,4,3,0
47696730,8,3,0
47699395,5,3,0
47702969,4,0,0
47707514,4,3,0
47713714,3,3,0
47727331,4,3,0
47727944,6,4,0
47738497,3,3,0
47743581,5,3,2
47752718,5,3,0
47761063,6,3,1
47768149,5,0,0
47798943,3,3,0
47825434,7,0,0
47830477,1,3,0
47841355,6,3,0
47844665,6,3,0
47849073,5,3,0
47857766,4,3,0
47885641,3,3,3
47912770,4,3,3
47932761,6,0,0
47945589,4,3,1
47949673,4,3,0
47972728,4,3,0
48001767,5,3,0
48020534,3,3,0
48029120,5,3,1
48029558,3,4,0
48035323,3,3,0
48049215,2,3,2
48049529,5,0,3
48049656,3,3,0
48051023,4,3,0
48054705,2,3,0
48066350,6,3,0
48072865,3,3,0
48109800,3,3,0
48114231,5,0,1
48119343,6,3,0
48134462,6,0,0
48135664,5,3,1
48136048,4,3,0
48143252,4,0,3
48153114,4,3,0
48153943,6,0,3
48170102,3,3,0
48178793,6,0,0
48203205,3,3,0
48229672,5,3,0
48236569,5,3,3
48254421,5,3,2
48259940,4,3,0
48261228,3,3,0
48261682,7,0,0
48263946,4,3,0
48265342,5,3,3
48266572,4,0,0
48300555,4,3,2
48301502,4,3,0
48336181,4,3,0
48336663,4,3,0
48345422,5,3,0
48366541,4,3,2
48428503,7,3,2
48434637,5,3,0
48435634,3,4,0
48454347,5,3,0
48454354,4,3,0
48475685,4,3,0
48504469,6,3,0
48517578,6,0,0
48545646,5,3,0
48560520,4,3,1
48561623,4,3,0
48562495,4,3,3
48572736,5,3,0
48575950,3,3,1
48593664,7,3,0
48595904,6,3,0
48617590,4,0,0
48647503,6,0,2
48663150,4,3,2
48665260,3,3,0
48696800,6,0,0
48703906,5,3,0
48707640,6,0,0
48734618,4,0,0
48740502,3,3,1
48760104,5,3,1
48763555,3,3,0
48764930,1,3,0
48766859,4,3,0
48838308,5,3,0
48847878,4,3,1
48860475,0,0,0
48926714,5,0,0
48941187,5,3,0
48998353,5,3,0
49013914,4,3,0
49032268,5,3,0
49042123,6,0,0
49045979,2,3,0
49092871,6,0,1
49101798,4,0,0
49103358,5,3,0
49121170,4,3,0
49126699,5,3,0
49166702,5,3,0
49182738,4,0,0
49187984,4,3,0
49191804,6,3,1
49197633,5,3,0
49214697,5,3,0
49217317,4,3,0
49219233,3,0,0
49219688,2,3,1
49224928,5,3,1
49226380,6,3,1
49239407,0,1,0
49259335,3,3,0
49281549,6,0,0
49320544,5,3,0
49323476,6,0,0
49341702,5,3,0
49349437,4,3,0
49351564,5,3,0
49368062,3,3,1
49369521,5,3,1
49376290,4,0,3
49395269,6,3,0
49406084,6,3,0
49428829,3,3,0
49447022,5,3,0
49460438,3,3,0
49476499,6,0,2
49484015,5,3,3
49486623,5,3,0
49486715,4,3,0
49488336,3,3,0
49521480,5,3,0
49527327,1,4,0
49541895,6,3,0
49545205,3,3,0
49551087,6,3,3
49559707,4,3,0
49565462,5,3,1
49600358,6,0,0
49608616,3,3,0
49610591,6,3,1
49623654,2,3,2
49637310,6,3,0
49642814,5,3,0
49657913,4,3,0
49670415,7,0,0
49693121,5,3,0
49710146,5,3,0
49764264,4,3,0
49807324,2,3,0
49821523,6,3,1
49823916,6,3,0
49839986,6,0,0
49845829,6,3,0
49850711,6,3,0
49850850,6,3,0
49861734,4,0,0
49882472,3,3,0
49899508,2,3,0
49922539,4,3,0
49934283,3,3,0
49935309,5,0,2
49940619,3,3,0
49948177,5,3,3
49959223,6,0,0
49966380,5,3,0
49970052,6,0,0
49970551,4,3,0
49987007,6,0,0
50022092,4,3,0
50033077,5,3,0
50087915,6,0,3
50113731,6,3,0
50119169,4,3,0
50139967,5,3,1
50168329,6,3,0
50188461,10,3,0
50193084,4,0,1
50205045,5,3,1
50217981,5,3,0
50238556,5,3,0
50240529,5,0,0
50259301,6,2,0
50262284,4,3,0
50262741,3,3,0
50267503,4,3,2
50278170,6,3,0
50284463,7,0,0
50286538,6,3,1
50321331,3,3,0
50337139,5,3,0
50341465,2,3,2
50341944,7,0,3
50352118,3,3,0
50360803,5,3,0
50374878,5,0,0
50386694,5,3,1
50401170,3,3,1
50417180,5,3,0
50443284,4,3,0
50445681,3,3,0
50464587,4,3,2
50471300,5,3,0
50492252,5,3,2
50516461,0,1,0
50517205,5,3,0
50544543,6,0,1
50549945,6,0,0
50555950,4,3,0
50560864,4,4,0
50571403,3,3,1
50571940,6,3,0
50576040,5,0,0
50597929,5,3,1
50602426,3,3,0
50620687,6,3,0
50621281,4,3,0
50623954,3,3,0
50624254,5,3,0
50641318,2,3,0
50674500,7,0,0
50676602,7,0,0
50683712,4,3,0
50683892,4,3,0
50684328,4,3,0
50693848,4,0,0
50706024,6,3,0
50724010,6,0,0
50724329,4,3,0
50747211,5,0,1
50747411,5,3,2
50772767,5,0,0
50775719,4,3,0
50779485,6,3,0
50789783,4,3,0
50811172,7,3,1
50844374,5,3,0
50847558,4,3,0
50850004,4,3,0
50865754,4,3,0
50873924,7,3,0
50883541,6,3,3
50890558,6,0,0
50905658,3,3,0
50906967,4,3,0
50916119,2,3,0
50917135,4,3,1
50919490,6,3,1
50921514,8,3,0
50952421,2,3,0
50973058,0,0,0
50975290,3,3,0
50995063,2,3,0
51001696,0,3,3
51004183,7,3,0
51013890,3,3,0
51014421,6,3,1
51052681,5,4,0
51062115,6,0,0
51086281,7,0,0
51092414,6,0,0
51101633,5,3,0
51104293,7,3,0
51110554,6,3,0
51119381,3,3,0
51126939,4,0,3
51166344,5,0,0
51170220,6,0,0
51173274,2,3,1
51183309,4,3,0
51196556,5,3,1
51197896,6,0,0
51211019,4,3,3
51218785,3,3,0
51222550,3,3,0
51227901,3,3,0
51250455,4,3,0
51258310,4,0,3
51268850,5,3,1
51297027,3,3,0
51302635,1,3,0
51305876,4,3,0
51316915,4,3,1
51328053,4,3,0
51338178,4,3,0
51371013,5,3,0
51371500,3,3,1
51373394,4,3,2
51377544,5,0,0
51380068,5,3,2
51383038,5,4,0
51390212,6,3,0
51391386,4,3,0
51397966,4,3,0
51401769,3,3,1
51405990,4,0,1
51430554,3,3,2
51437343,5,3,0
51449622,1,3,0
51450814,3,3,0
51455232,2,3,0
51461243,5,0,1
51484197,3,3,0
51485781,4,3,1
51497135,7,3,0
51498165,5,3,0
51520396,6,3,0
51520559,5,0,0
51526526,1,3,0
51538512,3,3,1
51542707,4,3,0
51547268,8,3,1
51547478,4,3,0
51554550,6,3,0
51567442,5,3,0
51570163,1,3,0
51574026,4,3,1
51585487,7,3,0
51589854,5,3,0
51596598,3,0,0
51597647,8,3,0
51601172,5,3,0
51621173,3,3,0
51623536,3,3,0
51658696,2,3,0
51660607,6,0,1
51674029,3,3,1
51674687,2,3,0
51704493,3,3,0
51720182,4,3,0
51722305,6,3,0
51746931,5,3,0
51751140,6,3,0
51754679,3,3,0
51757874,5,3,0
51761225,6,0,0
51762813,0,0,0
51799757,4,3,0
51814172,6,3,0
51837886,6,3,0
51849310,4,3,0
51867344,5,3,1
51886130,3,3,1
51901428,6,3,0
51914165,4,3,0
51916778,6,3,0
51925011,5,4,0
51959027,9,3,0
51962724,3,3,0
51994492,6,3,0
51998537,3,3,1
52000000,5,3,1
52013574,4,3,0
52019783,5,3,0
52039189,5,3,0
52045860,0,0,0
52051813,4,3,0
52053597,4,3,0
52070793,1,3,0
52074151,3,3,0
52079207,5,3,2
52099280,7,0,0
52117798,3,3,0
52136166,5,3,0
52152560,6,3,0
52177173,1,3,0
52182757,5,3,0
52191588,6,0,0
52195963,2,3,0
52218809,6,0,0
52233271,5,3,0
52256832,6,3,2
52264462,4,3,0
52304593,4,3,0
52321279,2,0,0
52321949,5,3,1
52340143,3,3,2
52344355,4,3,0
52350339,6,0,0
52351412,6,3,0
52364817,4,3,1
52401483,3,3,0
52414305,4,3,0
52442431,1,3,0
52446182,7,3,0
52448053,7,3,0
52448072,5,4,0
52458189,6,3,0
52468485,4,3,1
52478506,6,3,1
52485734,5,3,0
52485939,3,3,3
52489881,5,3,0
52508726,4,2,0
52520571,5,3,1
52533154,6,3,0
52539520,6,3,0
52540155,4,3,0
52544478,6,3,0
52544596,6,0,0
52544894,5,3,0
52554148,5,3,0
52558893,6,3,0
52565669,6,3,0
52585016,5,3,0
52589701,5,4,1
52604345,2,3,0
52620945,5,0,3
52627553,6,3,1
52633164,1,3,0
52636503,5,0,0
52645490,4,3,0
52655580,6,3,0
52660722,6,0,0
52679354,3,3,0
52695467,4,0,0
52695620,5,3,0
52715915,4,0,0
52737070,3,3,1
52751023,5,3,0
52762750,3,3,0
52771141,5,0,0
52783139,5,3,0
52784658,6,3,0
52788954,7,0,0
52789466,3,3,1
52796831,4,3,0
52820570,5,3,1
52821365,4,3,0
52821694,5,3,0
52822714,6,3,0
52834523,3,3,0
52841692,5,3,0
52850817,1,3,0
52871162,0,0,0
52883175,6,0,1
52884766,7,0,0
52895283,3,0,0
52911650,0,3,0
52922174,5,3,0
52944887,5,3,2
52979383,5,3,0
53015728,5,0,1
53309461,5,3,2
53438896,4,3,0
53467291,4,0,1
53482056,0,0,0
53510088,6,3,0
53519052,5,3,0
53643414,4,3,0
53650957,4,3,0
53759638,1,3,0
53763849,4,3,0
53763871,5,0,3
53765525,3,3,0
53766303,6,0,0
53767233,4,3,1
53811870,4,3,0
53821065,4,3,0
53828751,5,3,0
53851007,4,3,1
53855669,6,3,0
53857834,4,3,0
53951979,6,0,0
54336645,7,3,2
54338812,6,3,1
54345662,8,0,0
54350741,5,0,3
54352067,4,3,0
54367291,4,3,0
54372149,4,0,3
54377236,3,3,0
54378681,5,3,2
54379509,4,3,0
54382441,3,3,1
54398186,6,3,0
54398733,5,3,0
54398863,6,3,0
54412848,3,3,0
54429379,4,3,0
54434444,6,3,0
54447225,5,3,0
54448945,7,0,0
54449000,7,0,1
54451741,7,0,0
54453865,3,3,0
54454366,5,3,0
54454904,3,3,1
54457746,3,3,1
54459502,6,3,0
54459626,5,3,0
54459886,5,3,0
54461968,3,3,1
54463263,6,0,0
54469410,6,3,0
54473383,5,3,0
54476612,2,3,1
54479232,3,4,0
54479697,2,3,0
54483274,5,3,0
54491282,5,3,0
54491660,8,3,1
54500106,5,3,0
54500199,5,3,0
54501472,3,3,2
54501656,5,3,0
54504146,6,3,0
54510856,1,3,0
54527192,5,0,0
54529319,4,3,0
54539028,3,3,0
54539156,3,3,1
54542327,0,0,0
54546762,6,3,0
54551572,5,3,1
54558807,4,3,1
54561425,6,3,0
54564226,7,3,0
54573580,7,3,0
54576567,6,3,0
54581451,3,3,0
54585892,5,3,1
54589658,6,0,0
54601784,4,3,0
54611457,2,3,0
54645210,1,3,0
54659678,4,3,0
54664621,2,3,0
54680821,4,3,0
54682375,4,3,0
54683289,6,3,0
54686154,4,3,1
54686630,6,3,1
54706824,6,0,0
54711719,7,3,0
54724877,5,3,0
54727599,3,3,0
54737652,5,2,0
54738102,8,3,0
54740445,4,3,0
54743597,4,3,1
54745135,5,3,0
54746771,5,0,2
54746824,4,4,2
54750080,4,0,0
54752279,4,3,0
54760529,7,0,0
54769390,5,3,3
54772551,7,3,0
54776645,3,3,0
54777280,4,3,0
54784929,7,0,0
54785883,4,3,0
54785992,5,3,0
54786736,6,3,0
54799890,4,3,0
54801141,2,3,1
54811423,4,3,0
54825649,6,0,1
54832821,0,0,0
54844088,6,3,2
54852272,5,3,0
54891420,4,3,0
54897920,7,0,3
54901498,1,4,0
54917081,6,0,0
54919129,6,0,1
54922020,5,3,0
54922278,7,0,0
54922606,6,3,0
54922618,7,0,0
54922763,7,3,0
54925153,4,3,0
54925887,2,3,1
54925908,4,3,0
54940263,6,0,0
54950155,3,3,0
54954120,6,3,2
54957790,0,0,0
54963403,5,3,0
54977291,4,3,3
54983038,8,0,0
54989579,6,3,0
54994021,6,0,0
54995139,6,3,0
54999999,4,3,0
55000447,5,3,0
55006930,5,3,0
55007449,6,3,0
55012599,6,3,0
55033972,3,3,3
55037036,6,0,0
55037478,2,4,1
55041270,3,3,1
55047192,4,3,1
55051149,5,3,0
55057516,3,3,0
55057752,3,3,0
55066824,6,3,0
55072970,6,0,0
55087968,3,3,0
55093553,2,3,0
55094160,1,4,0
55094937,8,3,0
55098839,6,0,0
55100525,4,3,0
55102767,5,3,0
55106092,7,3,0
55109902,3,3,0
55121289,5,3,1
55121597,5,3,0
55125570,6,0,1
55126150,4,3,1
55128860,6,3,2
55131643,5,3,0
55134704,4,3,0
55149719,4,3,0
55153629,4,3,0
55154881,4,4,0
55156139,5,3,2
55159039,6,3,0
55169438,6,3,0
55189359,5,3,0
55194651,3,3,0
55213003,7,0,0
55215779,2,3,0
55215786,5,3,0
55220510,1,3,0
55224789,5,0,1
55229687,5,3,0
55247091,7,3,0
55248588,4,3,0
55263366,5,3,0
55280569,4,0,2
55283238,2,3,3
55289156,6,0,3
55298394,7,3,0
55302489,4,3,0
55311214,4,0,0
55311645,4,3,0
55315179,6,3,0
55320441,5,3,0
55322338,5,0,2
55326983,3,3,1
55342727,5,3,0
55345444,4,3,1
55345615,5,3,0
55345660,6,3,1
55348310,5,3,0
55350807,4,3,2
55374456,4,3,0
55430163,7,3,3
55436659,1,4,1
55436706,7,0,2
55437923,3,3,0
55443897,6,3,0
55446988,3,3,0
55449283,4,3,0
55450712,5,3,1
55454813,4,3,0
55460079,4,3,3
55465235,4,3,0
55484541,4,3,1
55489571,3,3,1
55492085,4,0,0
55498818,2,3,2
55501805,3,3,0
55506356,6,0,0
55550503,4,3,1
55569725,6,0,0
55578542,6,3,2
55589228,5,3,0
55609509,3,3,0
55615103,4,0,1
55637062,4,0,0
55644122,3,3,0
55645779,4,3,0
55647526,5,0,1
55653891,6,3,0
55655089,5,3,2
55655806,5,3,1
55660102,5,3,0
55662393,3,3,0
55663244,6,3,0
55663258,6,3,1
55666840,5,4,0
55672805,6,3,0
55681312,5,3,0
55684073,6,3,3
55710528,5,3,0
55717700,6,3,0
55719107,4,3,0
55731749,2,3,0
55735607,5,3,0
55741974,4,3,0
55766509,7,3,0
55780420,6,3,0
55787126,4,3,0
55790112,3,3,0
55790603,4,3,0
55792869,5,3,2
55800116,3,3,2
55809802,6,3,0
55809935,3,3,0
55810339,5,3,1
55814229,5,3,0
55822023,4,3,1
55822507,4,2,0
55824632,5,3,0
55825525,2,3,0
55831636,2,3,0
55841165,6,3,3
55845534,6,3,0
55849420,3,3,1
55851576,6,3,0
55868228,5,3,3
55906506,6,3,0
55910885,6,3,1
55915716,6,0,1
55926148,3,3,0
55929353,2,3,0
55931476,6,0,0
55943087,6,3,0
55960051,4,3,0
55960297,5,3,0
55961316,6,3,0
55965463,6,3,0
55966817,4,3,2
55967668,5,3,1
55976208,2,3,0
55976872,4,3,0
55998644,6,4,2
56006026,6,4,0
56008153,4,3,0
56025697,5,3,0
56028183,7,0,3
56031932,1,4,0
56039755,1,3,0
56064769,5,3,0
56066446,3,3,0
56068908,4,3,0
56074167,5,3,0
56079929,5,3,0
56081595,5,3,0
56086489,5,3,0
56099876,4,3,2
56110927,6,3,0
56116949,5,3,0
56118437,6,0,1
56124153,6,3,0
56127214,4,3,3
56134385,3,3,0
56139107,7,0,0
56148021,4,3,1
56148135,5,3,0
56150438,1,4,0
56151238,6,0,2
56160319,6,0,0
56167022,6,3,2
56177738,3,3,0
56193783,6,3,1
56194175,4,0,0
56199846,7,3,0
56201164,5,3,0
56230037,4,2,0
56240687,4,3,0
56250140,6,0,0
56252663,5,3,0
56256840,3,3,0
56261057,6,0,1
56284883,3,3,0
56295520,6,3,0
56297858,5,0,0
56305530,5,0,0
56306593,4,3,1
56308548,4,3,1
56309758,5,3,0
56329752,7,3,0
56338182,5,3,1
56347916,3,3,0
56348065,6,3,0
56354371,5,3,1
56356730,5,3,0
56359393,6,3,0
56363268,3,3,0
56376186,3,3,1
56386089,3,3,1
56395811,8,3,0
56407828,6,3,0
56415238,7,3,0
56422610,6,3,0
56452465,5,3,0
56454505,6,3,0
56474381,7,3,0
56478882,4,3,1
56488124,4,3,0
56500355,7,3,1
56501896,5,3,0
56504953,5,3,0
56525293,4,3,1
56529215,6,3,0
56536248,5,3,1
56541529,4,3,0
56550422,7,3,1
56553761,5,0,0
56563865,1,3,0
56567728,6,3,1
56569196,7,3,0
56570889,3,3,1
56583863,6,3,0
56588625,6,3,0
56607770,3,3,0
56613676,5,3,0
56623903,5,3,0
56624497,6,0,1
56624718,6,3,0
56625293,5,0,3
56628515,3,3,1
56631334,4,4,0
56646049,5,3,0
56648125,4,0,1
56649223,5,3,1
56649457,5,3,0
56651131,4,3,0
56657624,5,3,0
56660812,3,0,1
56662505,3,3,0
56667268,7,3,1
56667592,5,0,0
56669420,3,3,3
56673778,5,3,0
56676745,6,3,1
56679446,4,3,2
56688631,4,0,2
56699770,5,0,0
56701909,5,3,0
56709875,4,3,0
56727112,5,3,1
56728108,2,3,0
56737578,7,0,0
56741062,5,3,1
56747770,5,3,2
56748382,6,3,0
56753706,2,3,0
56755696,5,3,2
56777011,3,3,0
56777468,3,3,0
56780222,1,3,0
56782151,5,3,0
56783728,5,3,1
56788590,5,3,2
56793166,0,0,0
56796346,5,3,0
56803568,5,3,0
56810494,6,3,1
56813808,7,3,0
56814678,5,3,1
56815978,6,3,0
56826554,5,3,3
56831353,5,0,0
56833508,4,0,1
56835491,6,3,1
56855803,5,0,1
56857087,5,4,0
56858926,7,3,0
56865694,6,3,0
56872386,4,3,1
56874328,5,3,1
56875918,4,3,1
56885419,1,3,0
56892516,6,3,0
56892626,6,0,1
56893141,2,3,1
56904472,3,3,0
56906441,4,2,2
56915677,6,0,0
56916169,7,0,0
56918860,6,3,0
56921619,4,3,0
56924070,6,3,2
56927743,5,3,0
56934502,3,3,2
56937821,7,3,0
56940614,4,3,0
56942621,6,0,0
56943181,4,3,0
56948213,5,3,1
56955362,5,0,1
56957905,6,0,0
56978324,5,3,3
56979029,4,0,3
56981649,5,3,0
56986014,4,3,0
56989534,5,3,0
56996910,5,3,0
57001263,4,3,0
57006401,4,3,2
57006724,0,0,0
57016061,2,3,0
57022608,1,4,0
57023664,8,0,0
57024728,6,3,3
57025313,5,3,2
57026202,5,3,0
57030966,4,3,0
57033870,5,4,0
57047877,2,3,1
57052078,2,3,0
57063769,3,3,1
57066554,10,3,0
57067347,0,0,0
57069631,3,3,0
57070338,5,3,0
57077852,4,3,0
57085758,4,3,0
57087215,4,3,0
57096132,5,3,1
57105990,4,3,0
57107454,4,3,1
57111216,6,3,0
57121675,6,0,0
57122786,7,3,0
57124195,5,3,1
57133223,6,3,0
57141045,0,3,0
57143452,5,3,2
57149084,5,0,3
57149708,6,3,0
57151273,5,3,0
57154992,6,3,0
57158963,5,3,2
57172684,5,3,1
57172989,5,3,0
57175978,3,3,1
57177506,4,3,0
57182141,5,3,3
57182549,5,3,0
57183317,4,0,0
57188941,4,3,1
57189045,6,3,1
57193599,5,3,0
57199982,6,3,3
57206028,4,3,0
57207129,6,3,0
57207226,5,3,0
57210991,6,0,3
57216296,5,3,2
57217424,4,3,0
57220830,6,3,0
57222342,6,3,0
57228090,5,0,0
57228927,3,3,0
57231848,6,0,0
57240004,4,3,0
57242845,4,3,0
57249180,6,0,0
57254727,5,3,0
57255559,6,3,0
57266538,1,4,1
57267362,6,3,0
57270576,4,3,1
57272486,5,3,1
57275224,5,3,0
57281204,4,3,2
57281479,4,3,0
57281857,5,3,1
57292401,3,4,2
57294821,5,3,0
57295910,8,0,0
57299546,2,3,1
57300185,3,3,0
57300360,6,3,3
57303056,9,3,0
57310590,4,3,0
57313739,5,3,0
57315414,1,3,0
57318364,4,3,0
57319668,4,3,0
57329141,5,3,0
57334868,5,3,0
57335558,5,3,3
57345328,3,3,0
57347163,4,3,3
57353341,6,3,2
57374543,4,3,0
57380784,4,3,1
57387062,5,3,1
57408252,6,3,1
57420869,5,3,0
57427262,4,3,3
57428688,4,3,0
57432321,3,3,1
57439830,4,3,0
57444730,5,3,0
57444986,5,0,2
57448814,6,3,0
57451060,4,3,0
57451997,0,0,0
57454572,4,3,2
57457710,4,3,0
57471947,3,3,1
57474996,4,2,0
57478909,6,3,1
57479147,5,3,1
57482501,6,3,0
57495529,6,3,2
57501007,5,3,0
57503709,5,3,0
57504187,4,3,0
57506674,7,3,0
57513727,6,3,1
57514018,5,3,1
57522935,5,3,0
57523897,6,3,0
57533481,4,3,0
57545756,2,3,0
57546156,5,0,0
57546825,4,3,0
57551137,2,3,0
57560440,8,0,0
57565939,4,3,0
57569809,6,0,0
57570329,7,3,0
57573144,7,0,0
57575860,5,3,0
57575911,6,0,0
57579761,5,3,0
57583992,7,3,1
57590887,6,3,0
57597348,4,3,0
57608732,6,3,1
57617458,7,0,0
57617477,5,3,1
57626948,4,3,0
57631233,6,3,0
57634480,6,0,0
57641643,4,3,0
57650418,1,3,2
57654375,5,3,0
57664693,5,3,0
57703913,4,3,0
57709141,5,0,0
57711517,3,3,0
57724705,7,3,1
57724933,8,0,0
57731585,6,0,0
57732959,6,4,0
57737195,7,3,0
57741194,4,3,0
57745758,6,0,1
57765136,7,3,1
57771174,4,3,0
57772934,5,0,0
57778430,7,3,0
57778503,5,3,1
57784142,6,3,0
57784892,6,3,0
57799698,7,3,0
57800748,6,3,0
57804119,4,3,0
57815216,6,0,0
57815263,6,0,0
57817184,6,0,0
57817746,4,2,0
57829147,5,3,3
57829575,4,3,3
57838178,5,3,0
57843807,5,3,1
57848554,4,3,0
57850304,5,3,0
57853266,5,3,0
57861000,7,3,0
57865640,5,3,0
57867752,6,0,0
57870145,5,3,0
57870939,4,3,0
57872755,2,3,0
57873696,5,0,0
57882498,7,0,0
57882730,6,0,0
57883920,6,3,0
57888366,7,3,0
57888711,7,3,0
57891198,3,3,0
57891273,6,3,1
57893804,8,0,0
57894326,5,0,1
57894897,6,3,1
57897916,5,3,0
57900267,6,3,0
57903481,5,3,0
57906196,3,3,0
57910046,4,3,0
57910160,6,3,0
57917210,6,3,0
57919856,5,3,2
57923120,6,3,1
57923359,6,0,0
57923765,6,0,0
57927690,3,3,0
57930250,4,3,0
57930412,3,3,2
57932225,6,3,0
57932807,5,3,0
57933522,2,3,0
57938772,4,0,0
57944007,5,3,0
57950531,1,3,0
57953054,5,3,0
57958302,2,3,0
57958580,5,3,0
57964270,6,0,0
57970570,4,3,0
57972816,6,0,0
57974392,6,3,0
57975057,6,0,0
57975304,5,0,0
57987607,5,0,0
57993432,7,0,0
57997487,6,3,0
57999664,3,3,0
57999938,3,3,1
58003665,4,3,0
58004170,5,0,3
58014525,2,3,2
58019493,6,3,0
58021092,7,0,0
58025514,5,3,0
58028447,6,3,2
58031249,5,3,0
58033159,5,3,0
58033204,4,3,0
58033480,5,3,0
58035015,5,3,0
58038775,5,0,0
58047679,6,3,0
58048734,6,3,0
58052185,6,0,0
58055020,7,0,0
58057917,6,3,0
58066573,1,3,0
58072214,6,3,0
58073317,5,3,0
58074082,4,3,3
58074890,5,0,0
58076085,4,0,3
58076167,5,0,0
58081645,5,3,0
58081886,4,3,0
58083365,5,3,0
58083437,4,3,1
58084625,3,3,2
58087448,6,3,0
58092698,6,3,0
58096726,7,3,1
58107298,5,0,1
58107944,2,3,1
58115986,4,3,1
58117495,4,3,1
58119399,4,3,0
58127578,5,3,0
58127843,5,3,0
58129857,4,3,0
58147944,3,3,2
58150180,7,0,0
58154500,3,3,2
58155160,6,3,1
58159048,5,3,0
58159909,6,3,0
58175046,3,3,0
58180020,5,3,0
58184108,7,3,0
58184468,5,0,1
58191962,3,3,0
58192255,6,3,0
58193776,5,3,0
58195391,2,3,0
58196911,4,3,0
58201541,2,3,0
58206756,5,0,0
58209579,1,3,0
58210497,4,3,0
58213315,3,3,2
58214944,5,3,0
58223143,6,0,3
58223322,6,0,0
58223922,6,3,0
58225385,5,0,0
58226815,5,3,0
58242313,7,3,0
58246676,6,3,2
58246921,1,3,0
58258646,1,4,0
58260637,5,3,1
58263312,1,3,0
58264955,3,3,1
58269223,7,3,1
58274870,5,3,0
58287267,4,3,0
58294964,4,3,0
58296219,1,3,0
58297619,5,3,0
58299009,1,3,0
58299152,7,3,3
58300880,5,0,2
58304848,6,3,0
58308132,4,3,1
58318708,5,3,0
58320393,5,3,1
58324890,6,0,2
58328309,5,3,1
58342415,4,3,0
58346525,5,3,0
58346665,4,3,1
58354739,7,0,0
58355928,3,3,0
58357075,5,3,1
58359208,6,3,0
58363796,7,3,2
58372823,6,0,1
58373724,3,3,0
58377604,4,3,0
58377943,5,3,1
58383587,6,3,2
58386815,7,3,0
58389807,6,3,0
58395454,4,3,3
58407302,5,3,0
58416289,6,3,0
58430764,5,3,1
58433462,4,3,0
58435448,3,3,0
58436383,6,3,0
58439494,2,3,0
58449113,5,3,0
58450234,4,3,0
58451277,3,3,0
58457845,4,3,3
58468410,5,0,1
58469249,5,3,0
58477738,6,3,0
58480062,5,0,0
58486406,7,0,0
58487361,5,3,0
58488066,5,3,1
58505041,4,3,2
58508052,7,3,0
58517046,5,3,0
58521673,2,3,1
58531798,5,3,0
58539184,7,3,0
58548056,2,3,0
58566294,3,3,1
58567836,5,3,1
58573208,5,3,0
58576212,5,3,0
58583861,5,3,0
58590342,7,3,0
58592714,5,3,0
58603085,4,3,1
58603907,1,3,0
58604516,3,3,0
58605147,4,3,0
58606927,6,3,0
58616279,6,3,0
58616970,4,3,2
58616987,4,0,3
58619106,6,3,1
58619126,5,3,0
58619999,3,4,0
58620118,5,4,0
58627639,5,3,0
58631650,1,4,0
58634371,5,3,1
58634726,6,3,0
58637512,5,3,0
58641978,5,4,1
58655972,3,3,1
58658447,6,3,0
58659987,5,3,0
58674244,6,3,0
58678695,5,3,2
58678850,6,3,0
58679611,4,3,0
58681283,4,3,0
58683248,6,3,0
58685436,1,3,0
58687854,4,3,3
58687894,5,0,3
58693375,5,0,3
58694902,6,3,0
58694962,6,0,0
58713989,5,3,0
58715366,5,3,0
58721681,4,3,0
58724668,3,3,0
58730101,7,0,0
58732141,4,0,1
58743428,4,3,1
58743890,5,3,0
58746226,4,3,2
58747737,6,3,2
58760197,4,3,0
58760265,6,0,0
58764612,6,3,0
58768854,6,3,0
58776547,5,3,0
58777488,5,3,1
58782071,4,3,0
58782504,5,3,1
58788673,5,3,1
58789099,4,3,0
58791149,4,3,2
58795970,5,3,0
58807456,3,3,1
58809550,4,3,0
58820418,5,3,0
58821397,5,0,1
58822448,4,3,2
58827138,0,0,3
58828912,3,0,0
58843075,4,3,0
58847910,5,3,1
58848301,5,3,1
58848667,5,3,0
58848843,1,3,0
58852003,5,0,3
58852744,7,0,0
58852775,3,3,0
58859010,5,3,0
58860902,5,3,3
58865655,6,3,0
58867466,7,3,2
58873975,6,3,0
58879231,5,3,1
58884427,7,3,0
58891188,6,0,0
58892579,3,3,0
58895987,3,3,0
58912264,4,3,0
58918543,4,3,1
58930255,5,3,1
58932358,6,0,1
58936015,5,0,0
58938952,5,3,0
58943899,1,3,0
58958410,4,3,0
58959257,4,3,1
58963143,6,3,0
58971194,3,3,0
58971307,4,3,0
58974333,1,4,0
58976047,6,3,0
58979060,6,3,0
58980583,5,3,0
58989179,6,3,0
58990490,5,0,0
58999998,6,3,0
59004671,5,3,0
59011496,4,3,1
59014979,4,3,0
59018422,7,3,0
59018520,3,3,0
59018627,6,3,0
59026550,5,3,0
59032507,2,3,1
59034974,3,3,1
59035545,3,3,1
59039727,3,3,0
59040411,5,3,0
59041745,4,3,0
59043682,4,3,2
59044475,6,3,0
59048172,6,0,0
59051812,5,3,0
59054093,5,3,1
59059004,6,3,0
59065129,4,3,0
59065690,6,3,0
59067557,8,3,1
59067579,3,3,0
59067709,5,3,0
59073467,2,3,0
59075612,5,3,0
59078271,3,3,0
59084868,4,3,2
59097191,5,3,0
59104377,5,3,0
59111906,6,3,0
59121402,6,3,0
59130284,8,0,0
59142284,3,0,0
59150626,5,3,0
59155267,5,3,0
59164827,5,3,0
59165973,5,3,0
59166841,4,3,0
59171469,6,3,0
59176195,5,2,0
59177605,2,3,0
59178751,3,3,0
59180620,5,3,0
59184649,3,3,2
59194181,4,3,0
59196898,5,3,0
59197562,6,3,1
59198279,5,3,0
59200750,4,0,0
59200910,6,3,0
59200912,6,3,0
59204873,8,3,0
59208971,5,3,1
59210813,4,3,0
59216137,6,3,0
59224447,5,3,2
59227462,6,3,2
59230281,5,3,1
59235132,4,3,0
59243026,4,3,1
59243369,5,3,0
59254281,6,3,0
59257550,6,3,0
59272482,3,3,0
59291530,5,3,1
59294683,6,0,1
59294930,3,3,1
59297741,6,3,0
59298758,6,3,0
59309020,5,3,0
59311799,5,4,0
59318469,7,0,3
59322278,4,3,0
59325870,6,3,1
59332168,6,2,0
59337938,6,3,0
59349758,4,3,0
59352623,0,0,0
59355059,5,3,1
59357207,5,3,0
59362223,6,0,0
59370395,5,3,0
59372464,3,3,0
59373073,5,3,0
59375225,7,3,1
59380271,5,3,0
59381882,5,3,0
59389826,6,0,0
59395731,6,3,0
59396505,6,3,0
59402748,5,3,1
59411182,5,3,2
59416776,6,3,0
59418488,3,3,0
59424664,5,3,0
59429166,3,3,0
59435692,5,3,2
59438021,5,3,1
59438066,5,3,3
59443913,3,3,1
59444374,6,3,1
59445569,3,3,0
59455226,5,3,1
59459077,6,3,0
59468825,5,3,2
59469890,6,0,0
59470049,4,3,3
59482271,6,3,0
59485950,4,3,2
59486693,5,3,0
59487632,4,3,0
59495746,3,3,0
59496002,5,3,0
59508012,4,3,0
59508060,3,3,1
59510618,1,3,0
59512496,5,0,0
59514643,6,0,3
59516377,5,3,1
59517754,7,0,2
59529422,5,3,0
59533466,5,3,0
59536008,5,3,0
59545350,4,0,0
59550132,5,3,3
59560010,6,0,3
59561688,2,3,1
59563732,7,0,2
59576633,4,3,0
59582820,0,1,0
59585824,4,3,1
59593470,5,3,1
59595479,5,3,0
59595773,3,3,0
59596935,6,3,1
59604657,6,3,0
59616270,6,0,0
59621713,4,3,0
59628691,0,2,3
59629679,3,3,0
59633477,5,3,0
59639137,5,3,0
59648146,7,3,0
59650201,6,3,1
59655734,5,3,0
59657099,3,3,0
59659156,5,3,0
59663511,0,4,0
59666428,5,3,0
59670784,6,0,1
59673509,5,3,0
59678525,4,3,3
59686426,7,3,0
59690298,5,3,0
59698017,0,0,0
59707553,7,3,0
59715641,2,3,0
59718495,6,0,0
59718981,3,3,0
59730461,0,3,0
59731804,7,3,0
59735377,7,3,0
59735601,5,3,0
59741503,4,3,1
59743177,4,3,0
59745278,5,3,0
59749916,6,3,2
59750612,5,3,0
59755193,4,3,0
59757634,7,3,0
59759190,6,3,0
59760047,2,3,1
59764052,6,0,0
59764527,3,3,0
59764897,6,0,0
59765204,4,3,0
59765625,1,4,0
59767088,5,2,0
59769414,3,3,1
59774604,5,3,0
59776706,3,3,1
59778075,6,3,1
59786346,5,3,3
59787403,4,4,0
59794620,0,0,1
59796173,4,3,0
59798862,5,3,0
59799336,5,3,0
59800055,4,3,2
59806437,5,3,0
59808735,4,3,0
59817305,6,3,1
59824679,5,3,2
59836650,6,3,3
59836924,3,3,0
59851232,5,3,0
59852908,5,4,0
59853402,4,3,0
59853551,6,3,0
59857505,6,3,0
59859594,3,3,0
59860709,5,3,0
59861134,5,3,0
59872148,1,3,0
59873318,4,3,0
59883188,5,3,0
59887905,5,3,0
59891545,6,3,0
59891898,4,3,1
59892507,6,0,0
59893781,5,3,2
59894387,5,0,0
59897144,7,0,0
59902038,6,3,0
59904064,4,3,0
59904356,4,3,1
59904877,5,3,0
59904908,5,3,0
59909372,5,3,0
59909613,5,3,0
59917779,5,0,0
59930672,5,3,0
59931326,3,3,0
59936855,5,0,0
59936976,4,3,1
59937829,5,3,0
59949798,6,0,0
59951770,5,0,0
59953222,5,3,0
59954798,5,3,1
59954881,4,3,1
59957442,2,3,0
59958183,3,3,0
59961357,6,0,0
59964378,5,3,0
59968260,1,2,0
59970391,5,2,0
59973785,6,3,0
59976768,5,3,3
59977172,5,3,1
59980463,5,3,0
59982899,5,3,0
59991992,5,3,0
59993157,5,3,0
59997036,5,3,1
59997667,5,3,1
60006458,1,3,0
60007873,3,3,1
60011901,5,3,0
60012099,5,3,1
60013312,6,3,0
60014902,7,3,0
60018203,5,3,0
60026412,2,3,0
60027324,6,3,0
60035159,3,3,1
60044592,3,3,1
60052879,6,3,0
60053191,7,3,2
60057260,5,3,0
60077569,0,0,0
60082567,4,3,0
60087537,2,3,1
60089038,4,3,1
60092456,2,3,2
60096120,6,3,0
60105621,3,3,1
60106735,5,3,0
60107866,5,3,0
60108569,5,3,0
60112252,5,3,0
60116704,3,3,0
60118029,5,3,0
60124970,6,3,0
60132093,6,0,0
60140618,6,3,0
60141251,5,3,0
60146565,4,0,0
60148784,4,3,1
60148886,4,3,0
60152808,4,3,0
60157660,7,3,0
60171207,3,3,1
60175619,7,3,0
60182073,6,3,0
60185283,6,0,1
60189550,6,3,0
60194214,6,3,3
60201409,4,3,3
60202250,4,3,2
60207013,4,0,0
60214667,6,3,1
60215846,4,3,0
60220217,5,3,0
60223551,5,3,0
60242975,3,3,0
60244292,4,3,0
60247452,5,3,0
60247749,4,3,0
60248699,5,3,0
60252034,3,3,1
60258035,5,3,0
60258380,6,2,1
60259144,5,3,0
60266604,5,3,0
60269700,5,3,0
60276375,5,3,0
60278866,6,3,0
60287129,6,3,0
60291704,1,4,0
60302921,3,3,0
60310481,4,3,0
60312003,8,3,0
60321754,4,3,0
60329934,5,3,1
60330152,5,3,0
60331446,3,3,0
60331791,5,3,0
60341928,6,0,0
60351264,3,3,1
60355027,6,3,0
60355948,4,3,0
60359494,6,3,0
60360425,5,0,0
60362586,5,3,1
60373613,4,3,1
60375956,5,3,0
60381554,3,3,0
60388885,6,0,1
60389851,4,3,0
60414985,6,0,0
60415689,4,3,0
60419171,6,3,0
60422671,4,3,0
60435641,5,3,3
60436613,5,3,1
60443684,7,3,1
60445633,5,3,0
60446967,4,3,2
60456846,3,3,1
60458198,5,3,0
60460656,5,3,0
60460964,6,3,0
60467278,2,3,0
60467929,6,3,0
60477089,4,3,1
60478107,9,0,0
60479914,5,3,0
60483933,6,3,0
60486850,4,3,0
60489503,4,3,0
60490369,5,0,0
60494475,5,0,0
60501157,3,3,0
60504209,5,3,0
60504514,5,3,1
60509362,5,3,2
60513055,5,3,0
60521181,6,3,2
60521512,2,3,2
60522555,8,3,0
60534996,5,3,0
60538316,5,3,1
60546393,5,3,0
60548098,3,3,2
60551267,6,3,0
60552514,4,3,0
60553645,5,3,0
60553925,6,3,0
60556007,6,4,0
60557293,6,3,0
60561747,5,3,1
60571076,6,3,0
60577526,5,3,2
60578205,5,3,0
60583223,5,3,0
60587128,1,3,0
60590545,5,3,1
60593138,4,0,3
60593511,6,0,1
60596009,5,3,1
60597963,3,3,2
60600850,4,3,0
60604314,5,3,0
60605133,7,3,0
60610717,5,2,2
60611769,3,3,0
60613505,7,3,0
60624497,5,3,0
60626012,3,3,0
60629110,6,3,0
60636386,6,3,0
60642253,7,3,1
60643486,5,3,0
60655012,5,3,1
60661693,4,0,1
60673111,6,3,0
60674995,6,3,0
60677748,4,3,0
60679881,5,3,0
60682459,5,3,0
60684566,3,3,2
60687917,6,3,0
60689678,5,3,0
60692471,4,3,0
60699482,3,3,0
60703691,7,3,0
60716312,6,3,3
60719483,6,3,0
60724706,8,3,0
60728255,5,3,0
60728356,5,3,0
60732780,3,3,0
60734481,4,3,0
60736727,5,3,0
60741193,4,3,3
60743986,5,3,0
60749228,5,3,0
60756949,6,0,0
60766940,5,0,1
60766977,4,3,0
60781958,3,3,0
60786954,3,3,0
60789751,7,3,0
60791071,2,3,1
60791609,4,3,1
60794646,3,3,0
60796272,5,3,0
60806329,8,3,0
60830792,3,3,1
60833026,6,3,0
60834186,6,3,0
60836153,3,3,0
60840444,7,0,0
60843318,4,3,0
60847557,4,3,0
60850915,4,3,0
60858603,7,3,3
60861483,4,3,2
60868478,5,3,0
60871004,5,3,1
60872393,6,3,0
60873002,4,3,2
60876255,6,3,0
60879811,6,3,1
60880187,5,0,0
60880958,6,4,1
60881702,5,3,0
60883539,7,3,0
60885236,6,0,0
60892959,7,3,0
60893136,4,3,0
60893589,4,3,0
60895921,5,3,0
60916020,4,3,0
60920268,6,3,0
60923571,7,0,0
60930373,4,3,0
60931843,7,3,0
60938945,5,3,1
60939187,4,3,0
60946532,7,0,0
60946729,7,3,1
60947533,6,3,1
60949246,5,0,1
60950474,5,0,0
60963447,6,3,0
60967702,5,3,1
60970646,6,3,1
60971287,4,3,0
60973537,5,3,0
60977865,5,3,2
60993369,5,3,0
60999140,8,3,0
61000000,5,0,0
61002714,4,3,0
61003456,4,3,1
61004110,5,3,2
61004875,4,3,0
61006828,5,3,1
61013017,5,0,1
61016051,6,3,0
61018381,7,0,0
61019227,5,3,0
61025936,5,3,0
61025980,5,0,0
61028777,5,3,0
61035882,6,3,0
61042809,6,3,0
61043026,3,2,1
61043410,3,0,0
61051398,6,3,0
61052288,6,3,0
61056370,6,3,1
61063218,5,3,1
61070967,1,3,1
61071160,4,3,0
61074134,5,3,0
61075732,5,3,0
61076008,4,0,0
61077339,5,0,0
61082176,6,3,0
61084183,5,0,0
61084505,6,3,0
61085090,5,3,0
61085988,5,3,0
61089958,5,3,2
61103679,7,3,0
61105818,4,3,1
61105869,5,3,0
61109794,5,3,0
61112280,3,3,1
61121111,5,3,0
61121186,5,3,0
61127340,4,3,1
61129370,4,3,1
61131119,7,3,0
61132044,5,3,0
61132775,3,3,0
61134908,0,1,0
61138009,5,3,2
61142181,6,0,0
61145650,6,0,0
61145945,5,3,0
61145962,5,3,0
61146530,3,3,0
61150979,5,3,2
61154556,3,3,0
61155842,3,3,0
61155858,3,3,0
61157144,5,3,2
61159488,6,3,0
61160974,5,3,1
61166937,7,0,3
61167144,2,3,2
61167977,6,0,0
61168348,6,0,3
61168627,5,3,1
61168971,6,3,0
61169669,7,0,0
61171500,5,3,0
61172258,4,3,1
61174095,2,3,1
61174143,6,3,2
61182841,5,3,3
61184830,8,3,1
61185300,5,3,0
61190579,4,2,0
61196155,7,3,2
61203856,2,3,1
61204629,5,3,0
61209659,5,3,0
61212581,6,3,0
61215693,6,3,0
61219767,5,0,2
61220319,4,3,0
61222154,6,3,0
61229627,6,3,2
61230000,3,3,0
61231942,5,3,1
61232898,5,3,0
61235869,3,3,1
61239261,6,2,0
61243536,4,3,1
61252345,4,3,0
61258312,5,3,0
61260879,5,3,0
61266096,5,3,3
61267368,5,3,1
61267566,5,3,0
61273904,4,0,0
61278086,5,3,1
61288282,6,0,2
61289668,4,3,0
61297248,0,0,0
61298043,5,3,0
61298971,3,3,0
61304417,6,3,2
61307901,3,2,0
61308054,6,0,0
61313300,3,3,0
61313719,7,3,0
61313872,5,0,0
61314750,6,3,0
61315011,4,3,1
61315662,5,3,1
61318003,3,3,0
61318108,6,3,0
61319103,5,3,0
61319609,6,3,1
61322049,6,3,1
61322557,5,3,1
61328875,5,3,0
61336818,6,3,0
61339327,6,4,0
61346041,0,0,1
61350289,5,3,0
61354688,7,0,1
61359409,4,3,0
61364993,5,3,0
61366503,3,3,1
61372701,7,3,0
61374614,5,3,3
61376892,3,4,0
61381509,4,3,0
61391186,4,3,1
61393663,0,0,0
61393818,5,4,0
61396252,5,3,0
61398947,4,3,0
61401564,6,3,1
61409157,5,3,0
61413206,5,3,0
61414778,5,4,0
61418657,7,3,1
61420601,6,3,0
61420701,3,3,0
61431467,6,3,1
61436744,0,0,0
61437016,5,3,0
61443210,5,3,0
61443682,6,3,0
61443896,5,3,0
61445133,6,3,3
61448107,5,3,0
61448503,4,3,0
61452367,6,3,2
61480296,6,3,1
61481390,5,3,0
61493494,2,3,0
61493838,7,3,1
61497412,5,3,1
61505197,5,0,0
61509888,4,3,2
61511307,5,3,0
61511530,5,3,0
61522418,5,3,0
61524259,5,3,2
61540203,7,3,0
61542302,4,3,0
61553761,6,0,0
61560597,6,3,0
61566743,6,3,1
61568455,5,0,3
61568698,4,3,3
61588186,6,3,0
61592448,6,3,0
61598879,5,0,0
61599759,5,3,0
61600272,4,3,0
61600701,7,0,0
61612074,5,3,1
61620733,5,3,0
61629148,4,3,0
61633779,6,3,1
61641524,5,3,0
61641655,3,3,1
61654229,1,3,0
61654378,5,3,0
61656087,5,3,0
61657924,6,3,0
61659895,5,0,0
61662253,5,3,0
61674920,5,3,3
61675286,3,3,0
61675761,4,3,0
61677950,1,2,0
61681513,6,3,1
61681858,5,0,0
61684712,6,3,0
61688724,4,3,1
61693293,7,3,0
61694519,5,3,0
61718673,6,3,1
61725424,7,0,0
61726107,3,3,0
61729052,3,0,2
61733132,4,3,0
61736982,4,3,0
61743475,5,3,0
61749297,5,0,0
61752101,7,3,0
61758352,5,3,0
61759761,4,3,2
61769835,4,3,0
61770216,5,3,0
61772172,8,0,0
61773501,7,3,0
61774643,7,3,1
61776006,4,3,0
61776078,4,0,2
61776500,4,0,3
61780095,5,3,0
61782513,4,3,0
61786886,6,3,0
61794924,4,3,0
61795812,4,3,0
61799858,4,3,0
61803317,4,3,0
61811947,5,3,0
61813754,6,3,0
61821086,4,3,1
61825227,5,0,0
61826244,3,3,0
61833427,5,3,0
61834245,4,3,2
61836923,3,3,0
61844103,3,3,0
61844176,6,3,3
61848635,5,3,0
61850763,6,3,0
61852021,4,3,3
61852559,5,3,1
61858471,5,3,0
61859680,3,3,1
61864545,5,3,0
61865336,7,3,1
61868184,5,3,1
61869142,5,2,0
61875545,6,2,0
61878155,10,0,0
61879694,4,3,0
61880827,4,3,0
61884045,4,3,0
61884772,7,3,1
61887630,4,3,0
61893808,5,3,0
61893810,0,0,0
61895525,4,3,0
61897021,5,3,2
61897653,4,3,0
61898129,5,0,3
61899145,6,3,0
61902745,5,3,0
61909888,5,3,2
61911731,7,3,2
61916965,5,3,3
61927990,4,3,1
61932027,5,3,0
61932535,3,3,0
61936242,5,3,1
61940117,6,3,1
61945844,4,3,2
61947591,5,3,0
61951944,3,3,0
61957791,5,3,1
61969307,5,3,0
61975950,4,2,0
61976234,6,3,0
61976324,4,3,1
61989483,5,0,0
61991266,7,3,0
61991883,1,4,1
61996156,5,4,0
61998209,8,0,1
61999393,6,3,0
62002968,3,3,0
62004651,4,3,3
62011457,5,3,3
62012000,9,3,1
62013606,4,3,1
62014097,5,3,0
62017718,7,0,3
62019031,4,0,0
62025367,5,3,0
62026327,4,3,0
62030188,4,0,1
62033974,5,3,0
62034678,5,3,1
62039021,5,3,0
62040625,4,3,0
62042194,1,4,0
62043562,6,3,0
62047559,5,3,1
62049062,6,3,1
62053696,4,3,0
62056335,2,4,1
62056430,3,3,1
62058720,6,3,0
62063736,6,3,0
62065443,7,3,2
62070990,4,3,2
62078838,6,3,1
62079066,6,0,0
62088264,4,3,0
62089380,5,3,0
62095015,2,3,0
62098887,5,3,0
62103786,4,0,0
62111080,4,0,0
62112629,5,3,1
62123321,6,3,0
62130717,5,0,0
62133795,6,3,0
62138684,5,3,0
62143672,5,3,1
62151683,5,3,0
62154702,6,0,0
62158066,4,3,1
62165820,1,4,0
62166232,5,3,3
62175947,5,3,0
62177529,3,3,2
62178543,6,3,0
62180521,5,3,0
62181256,3,3,0
62183661,5,3,0
62184436,3,3,2
62184637,4,3,0
62192465,3,3,1
62193007,7,3,0
62193369,3,3,1
62195060,6,3,0
62197154,6,3,0
62200899,3,3,0
62213543,5,3,0
62216060,5,3,0
62216842,6,3,0
62229890,3,3,0
62242250,4,3,2
62244790,7,3,0
62261079,5,3,0
62261629,5,3,1
62266054,6,3,0
62280846,5,2,0
62285244,6,3,0
62289020,7,0,0
62296759,5,3,0
62306378,2,3,0
62314958,0,0,0
62315204,6,3,0
62322974,5,3,0
62326385,3,3,0
62327288,5,3,0
62330644,0,0,3
62340485,4,3,0
62346054,5,3,0
62348826,5,3,0
62350538,5,3,1
62360776,5,0,3
62365914,1,4,0
62367233,6,0,0
62374461,4,3,0
62374745,2,3,0
62378015,3,3,0
62388624,4,3,0
62390131,5,3,0
62397207,5,0,0
62401000,6,3,0
62402697,4,3,0
62404461,1,3,1
62416601,4,3,0
62416782,5,3,0
62418014,5,3,0
62420836,1,3,0
62421807,4,3,0
62424506,4,3,1
62427127,1,3,0
62437292,5,3,0
62459152,5,4,0
62459669,6,3,0
62462246,3,3,0
62465789,6,3,0
62471411,5,3,0
62485915,5,0,1
62489201,5,3,0
62490272,5,3,0
62495853,4,3,0
62495901,5,3,2
62499940,4,3,0
62500347,4,3,2
62500424,5,3,0
62511115,4,3,1
62518285,1,3,0
62520179,5,3,0
62528998,4,3,0
62535094,5,3,0
62538386,6,3,0
62538806,6,3,0
62540388,6,3,1
62547849,1,3,0
62563251,4,3,0
62577203,5,3,0
62577360,6,3,0
62578054,4,3,3
62583569,6,3,0
62584119,7,3,0
62589065,6,3,1
62591881,5,3,0
62597353,7,3,3
62599888,6,3,0
62600823,5,3,0
62609804,6,3,0
62610712,0,1,0
62613469,5,3,0
62616573,5,3,0
62618317,3,3,0
62619353,5,3,0
62619552,4,3,1
62620095,4,2,2
62641381,3,3,1
62643726,4,3,1
62651955,0,0,0
62662377,7,3,1
62663226,5,3,1
62663353,7,3,0
62668055,4,3,0
62670660,5,3,0
62671555,7,0,0
62680303,5,3,0
62682577,4,3,0
62687418,5,3,0
62690746,4,3,0
62696024,4,3,2
62696364,1,3,0
62699182,5,3,0
62700853,5,3,2
62702124,6,3,0
62707093,4,3,0
62712717,4,3,0
62726712,6,3,0
62728480,7,3,0
62734414,1,3,0
62735588,6,3,0
62737082,4,3,0
62739337,6,3,0
62740940,6,3,0
62743002,2,0,0
62745983,4,3,1
62747482,8,0,0
62749577,3,3,0
62749633,3,3,0
62753444,5,3,0
62754108,6,0,0
62756354,4,3,0
62757892,6,0,0
62762779,6,0,0
62763659,4,3,0
62763840,6,0,3
62764377,6,3,0
62772696,5,3,0
62777613,5,3,0
62781127,3,3,0
62789474,7,0,0
62794528,5,3,0
62795667,4,3,0
62799921,4,3,0
62800157,6,3,0
62801602,6,0,1
62803559,3,3,1
62804724,5,3,0
62808546,5,3,1
62818242,3,3,0
62820416,6,3,1
62824502,5,3,0
62830382,5,3,0
62838302,6,3,0
62841818,6,3,0
62842110,6,3,2
62848770,4,3,0
62849319,5,3,0
62852862,5,3,0
62865428,2,3,1
62869980,7,3,0
62873065,3,3,0
62873099,5,3,0
62873991,4,3,1
62877097,8,3,0
62896643,5,3,1
62900904,6,0,0
62902910,3,4,1
62906370,2,3,0
62907770,5,3,0
62912490,5,3,0
62919256,5,3,0
62923022,7,3,3
62923691,5,3,0
62925760,4,3,1
62927833,5,3,0
62927891,4,3,0
62929461,5,2,1
62936121,3,3,1
62939643,4,3,0
62944822,4,3,1
62945718,5,0,0
62953227,5,3,0
62953580,0,0,0
62958602,5,0,0
62964691,5,3,1
62969589,5,3,2
62973960,4,3,0
62977764,6,0,0
62980164,4,3,0
62983743,5,3,2
62986387,5,3,1
62988138,5,3,0
62995779,4,3,0
62997637,5,3,0
63011314,5,3,2
63012229,5,4,0
63020865,3,3,0
63021337,4,3,0
63028809,6,3,0
63029657,1,4,0
63034666,6,0,0
63037708,5,3,0
63042149,1,4,0
63052201,5,3,1
63056051,1,3,0
63056720,5,3,0
63058677,5,3,0
63062778,6,3,0
63069370,5,3,1
63072917,3,3,0
63075650,3,3,1
63078216,5,3,0
63089026,4,2,1
63091294,6,0,0
63095176,5,3,0
63097126,5,3,0
63112136,4,3,1
63114921,5,3,0
63116266,4,3,1
63117024,4,3,0
63119325,5,3,1
63131076,5,3,0
63131972,6,0,0
63133899,5,0,0
63143469,5,3,1
63145193,4,3,1
63146979,3,3,0
63148622,3,3,0
63151839,5,3,3
63153670,4,2,0
63153955,7,3,1
63155798,3,3,1
63158268,6,3,0
63158997,5,2,0
63168361,5,3,0
63169775,6,0,0
63176597,5,3,1
63189715,5,3,0
63189847,4,3,2
63190401,5,3,0
63199836,7,3,0
63199838,6,3,0
63209280,4,3,0
63214289,3,0,3
63216077,4,3,0
63220002,0,4,1
63230711,5,3,0
63237547,4,3,0
63243273,5,0,0
63252761,6,3,0
63254272,6,0,2
63256188,1,4,0
63260511,5,2,3
63261649,7,3,0
63265178,3,3,0
63281494,6,3,0
63285682,4,3,0
63286068,6,3,0
63291158,6,3,0
63309464,4,3,0
63312733,6,2,0
63319177,6,3,0
63319407,5,3,1
63321320,4,3,0
63321711,5,3,0
63326830,5,0,0
63327156,7,3,1
63333931,5,3,0
63334600,5,0,0
63335504,5,3,0
63336897,5,3,0
63341133,6,3,0
63341559,6,3,0
63346015,4,3,0
63346889,6,0,0
63355989,7,0,2
63362544,4,3,2
63363869,1,4,0
63371156,2,3,0
63373165,6,3,1
63376982,6,3,0
63383320,7,3,0
63384773,7,3,0
63387628,5,3,0
63388933,4,3,3
63395980,3,0,0
63397902,4,3,0
63400241,4,3,0
63402317,6,3,0
63412305,8,3,0
63422516,7,0,0
63432059,3,3,1
63439861,5,3,2
63441820,7,0,0
63445482,5,3,2
63445515,4,3,0
63446870,7,3,0
63464043,4,3,0
63464214,5,3,0
63468458,3,3,0
63471804,1,4,0
63472380,7,3,0
63475953,6,2,0
63493470,4,3,0
63494930,5,3,0
63495545,5,3,0
63500855,5,3,1
63501862,5,3,0
63512734,6,3,0
63512855,5,3,0
63513037,4,3,0
63515065,3,3,0
63520050,5,3,0
63521481,4,3,0
63521554,6,3,0
63536366,5,3,0
63541281,6,3,0
63550183,6,3,0
63552156,7,3,2
63553770,2,4,0
63557534,5,3,0
63563790,3,3,1
63573142,6,3,0
63575695,4,3,0
63577388,4,3,1
63584897,5,0,1
63590059,7,0,1
63590398,5,3,0
63591176,4,3,0
63596271,0,0,0
63612653,6,0,0
63615985,4,3,0
63621058,6,0,0
63628489,8,3,1
63630007,6,3,0
63630023,4,3,0
63632083,6,0,0
63636287,6,3,0
63639010,6,3,0
63639614,4,3,0
63642655,3,3,0
63643242,6,3,0
63646784,5,0,0
63655421,3,3,0
63657270,5,3,0
63663765,3,4,1
63664943,5,3,2
63673854,7,3,0
63677434,3,3,0
63681033,0,0,0
63685891,4,0,0
63690731,4,3,1
63696764,7,3,2
63697380,5,3,1
63712562,0,2,0
63712640,5,3,1
63721918,5,3,0
63724244,2,3,0
63741773,6,0,0
63748647,5,3,2
63748998,6,0,1
63756430,0,0,0
63756615,7,0,0
63763389,6,3,0
63764683,5,3,0
63765629,4,3,0
63775536,1,4,0
63778049,3,3,3
63795925,5,3,0
63805395,6,3,1
63828084,5,0,1
63837021,6,0,0
63839192,5,3,1
63841074,6,0,0
63847915,3,3,1
63855458,7,3,1
63871009,6,3,0
63872549,7,3,0
63873535,6,3,1
63876435,6,3,0
63877936,5,3,0
63878132,5,3,0
63879834,4,3,0
63884731,3,3,0
63886263,5,0,0
63893615,5,0,0
63896793,5,3,0
63898441,6,3,0
63899893,4,3,0
63902366,4,3,0
63914051,7,0,0
63915496,1,3,0
63918780,8,0,0
63930495,6,0,0
63932900,5,3,0
63933868,6,3,0
63949645,0,3,2
63956139,6,3,2
63967989,3,3,0
63976735,4,3,0
63982810,4,3,0
63984650,7,0,0
63990144,5,3,0
63996558,3,3,0
64000628,6,3,0
64002467,4,3,0
64006190,6,3,0
64008196,5,0,0
64012069,5,3,0
64012166,6,3,1
64019677,3,3,0
64029215,6,0,0
64029628,3,3,1
64030931,5,3,0
64039031,1,3,0
64039954,5,3,2
64040726,4,3,0
64048276,4,3,0
64056232,2,3,2
64062387,5,3,2
64065585,5,0,2
64067633,4,3,1
64069289,5,3,0
64071294,3,3,0
64079852,5,3,0
64080665,7,3,0
64080999,5,3,1
64082416,4,3,0
64091285,6,3,0
64093323,5,3,0
64098197,6,3,2
64102717,6,3,1
64105104,5,0,0
64108769,4,3,1
64111266,5,3,0
64116359,10,0,0
64118992,1,3,0
64120012,5,3,0
64120869,5,3,0
64123003,5,3,0
64123218,3,3,0
64126518,3,3,0
64128567,5,3,1
64141841,3,3,0
64151258,1,3,0
64153806,2,3,1
64169916,5,3,1
64178221,4,3,0
64178853,6,3,0
64181540,5,3,0
64182804,5,3,0
64187699,6,3,2
64195979,5,3,1
64198417,5,3,0
64210982,5,3,0
64212889,5,0,0
64216997,3,0,2
64233929,3,3,0
64238348,3,3,0
64243226,5,2,0
64247369,7,0,0
64248112,3,2,0
64248786,5,3,0
64252872,5,3,0
64255184,5,3,0
64258393,3,3,0
64260392,3,3,2
64262946,7,3,0
64265153,5,3,0
64271770,4,3,0
64272401,5,3,0
64273371,5,0,0
64274382,5,3,1
64279282,8,2,0
64279419,2,3,1
64280159,6,0,0
64285819,4,0,0
64297537,5,0,1
64299206,6,3,0
64303001,5,3,1
64305475,5,3,0
64310275,5,3,0
64313969,5,3,0
64315685,5,3,0
64316395,5,3,0
64317014,6,3,0
64320867,5,3,0
64322354,6,0,0
64327564,4,3,0
64327747,5,3,0
64328582,5,3,0
64330885,3,3,1
64330973,5,3,0
64335034,4,3,0
64336269,7,3,0
64348403,3,3,0
64348637,4,3,0
64352802,5,3,0
64356607,7,3,0
64362150,5,3,0
64367275,3,3,0
64368537,0,0,0
64372694,4,3,0
64384327,5,3,0
64387713,6,0,0
64391228,7,0,1
64391400,4,3,1
64398550,4,3,1
64401478,8,0,0
64405867,3,3,3
64409145,5,3,0
64415610,1,3,0
64415673,5,3,0
64420603,2,3,0
64422544,6,3,0
64425401,5,3,3
64429861,1,4,0
64452258,5,3,0
64454763,5,3,1
64466373,6,3,0
64469847,4,3,0
64488055,7,0,0
64494560,4,3,0
64498411,4,3,0
64505890,4,2,1
64507537,2,3,0
64509524,6,3,0
64510667,5,3,0
64511540,5,3,1
64522664,4,4,0
64534559,5,3,0
64534925,1,3,0
64542088,5,0,0
64545532,4,3,0
64548941,5,3,0
64556857,5,3,1
64559617,5,3,1
64560238,5,3,0
64561838,4,3,0
64570600,5,3,0
64577328,5,3,1
64579510,6,3,2
64588659,4,3,0
64589048,7,0,0
64590519,5,3,0
64592021,5,3,0
64610503,8,3,0
64620531,4,3,0
64650038,6,3,0
64652761,6,3,0
64659636,1,3,0
64666555,6,0,0
64668876,5,3,0
64670260,5,3,0
64670477,6,3,2
64675645,7,0,0
64676076,3,3,1
64679069,5,3,0
64688391,5,3,0
64696436,4,3,1
64698232,7,3,1
64700228,7,3,0
64703051,6,0,0
64706783,8,3,0
64711691,4,3,0
64715675,5,3,0
64716927,6,3,0
64718148,2,3,2
64720632,3,3,0
64723130,4,3,0
64729741,5,3,0
64734983,5,3,1
64738427,4,3,1
64738942,5,3,3
64740838,7,3,0
64749870,3,3,1
64753976,5,3,0
64756570,5,3,0
64757162,4,3,0
64757758,6,3,0
64784335,9,3,0
64784534,6,3,0
64789719,4,3,0
64791825,7,3,0
64798594,6,3,0
64803948,2,4,0
64808142,4,3,1
64809920,6,0,0
64819472,4,3,0
64828912,4,3,0
64828991,5,3,0
64834238,9,3,0
64835370,6,3,0
64836564,5,3,0
64837036,5,3,0
64838021,5,3,0
64845903,6,0,0
64850423,6,3,0
64851114,7,0,0
64851707,3,3,1
64853305,5,0,0
64855432,6,3,1
64856903,4,3,0
64860179,4,3,0
64864741,6,3,0
64886856,2,3,0
64889235,5,3,0
64891983,3,3,0
64896078,5,3,0
64909160,5,3,0
64909775,6,3,0
64920662,5,3,0
64922002,6,3,1
64923647,5,3,0
64925833,1,4,0
64925868,4,3,1
64927046,6,3,0
64927487,3,3,0
64928136,6,0,3
64928539,5,3,2
64931340,6,0,0
64932898,2,3,0
64933604,5,0,0
64937103,6,3,0
64939329,5,3,0
64941676,7,3,0
64943466,4,3,0
64945605,4,3,0
64946688,4,3,1
64952303,1,3,0
64953001,6,3,1
64960567,4,3,1
64967781,5,3,0
64968478,8,3,0
64968792,1,3,0
64978399,4,3,0
64983703,6,2,3
64990225,5,3,1
64991273,6,3,0
65005891,5,3,1
65020556,4,3,0
65025281,5,3,0
65025511,4,3,0
65038908,5,3,0
65040237,3,3,0
65046171,6,3,0
65048683,6,3,0
65050329,4,3,0
65056447,5,3,0
65056785,7,4,0
65067405,7,3,0
65068071,8,4,0
65068644,4,3,1
65069026,5,3,1
65069499,5,3,1
65085311,3,0,3
65089906,6,3,1
65102871,5,3,0
65105489,6,3,0
65106280,4,3,1
65109444,2,3,0
65118744,7,0,0
65120674,7,3,0
65120964,7,3,3
65122478,7,3,1
65126624,3,3,2
65128125,5,3,0
65128393,4,3,0
65137816,6,3,0
65142045,5,3,0
65146824,5,3,0
65150214,4,3,0
65154789,6,3,0
65159377,5,3,0
65163761,5,3,0
65168751,5,0,0
65171965,4,3,0
65177675,2,3,0
65181054,5,0,3
65191371,4,3,1
65193060,5,3,1
65195800,5,3,3
65200888,5,0,0
65202027,4,3,0
65202507,5,3,0
65224930,5,3,3
65225526,6,3,2
65226411,2,3,0
65235417,2,3,1
65239598,7,3,0
65241297,5,0,1
65270192,2,3,2
65271725,6,0,3
65282850,6,3,1
65286083,6,3,0
65298555,6,3,0
65300727,0,0,0
65305366,7,0,3
65307223,4,3,0
65314125,6,3,0
65341277,4,3,0
65346751,5,3,0
65347123,5,0,0
65349466,5,3,0
65350245,5,3,1
65351469,2,3,0
65352215,4,0,0
65353442,6,3,0
65363753,6,3,0
65364373,5,3,0
65365926,6,0,0
65365955,4,3,0
65367660,4,3,0
65369400,3,2,0
65373543,0,3,0
65376623,4,3,3
65380291,5,3,1
65382122,5,3,0
65385097,6,3,0
65386057,6,0,0
65388298,4,3,0
65392331,6,3,0
65394685,5,3,1
65398004,3,3,0
65399848,4,3,0
65403123,3,3,2
65411407,6,0,0
65413414,4,3,1
65416318,6,3,0
65416467,4,3,2
65419165,1,3,0
65422675,6,3,0
65426938,4,2,0
65430818,5,3,0
65431419,1,3,0
65431733,5,3,0
65441179,6,3,1
65453968,6,3,0
65464911,4,3,0
65466035,5,3,0
65466205,6,3,0
65468452,5,3,0
65477322,4,3,0
65483328,6,3,0
65484049,6,3,0
65486223,5,3,0
65486337,4,3,1
65486811,4,3,1
65487698,5,3,2
65489886,5,3,0
65490010,5,3,1
65494419,5,3,0
65495059,6,3,1
65498439,5,3,0
65512286,5,0,1
65515798,6,3,0
65517502,4,3,0
65520090,4,0,0
65521739,5,3,2
65524165,3,3,0
65525101,1,3,0
65531980,7,0,0
65537840,6,3,0
65542174,4,3,0
65544412,5,3,0
65545449,4,3,0
65549836,9,0,0
65550894,4,3,1
65551641,5,3,1
65551647,4,3,0
65552572,1,3,0
65556677,4,3,0
65561336,6,0,0
65571829,5,3,0
65574708,2,3,1
65576492,4,3,0
65583415,10,0,0
65583785,6,3,3
65585606,5,3,0
65588666,5,3,1
65595031,4,3,1
65596995,4,3,0
65599533,3,3,2
65603278,2,3,0
65604172,6,3,1
65604987,6,3,0
65607096,6,3,2
65612755,5,3,0
65616673,5,3,2
65617648,1,4,0
65619579,3,3,0
65620799,6,3,1
65624034,2,3,0
65624500,6,0,0
65625365,4,3,1
65625598,2,3,0
65625815,4,3,0
65627645,5,3,0
65627907,3,3,1
65630815,3,3,2
65642903,5,3,0
65650604,6,3,0
65654120,7,0,0
65658783,6,3,0
65659480,5,3,0
65660435,5,3,1
65661840,4,3,0
65666409,5,3,0
65674738,5,3,0
65675273,6,3,0
65681140,5,3,0
65684802,3,2,1
65688491,4,3,0
65692344,0,2,0
65693075,4,3,0
65707442,2,2,0
65708703,5,3,0
65711632,5,3,0
65714739,3,0,0
65726952,3,2,0
65735793,6,3,0
65736700,5,3,0
65745706,6,0,0
65747696,3,0,0
65751084,4,3,0
65754978,3,3,0
65755048,6,3,0
65758217,2,3,1
65759635,8,0,0
65760885,5,3,0
65765615,5,3,0
65767123,5,3,0
65769172,4,3,0
65769940,3,3,0
65771158,7,3,0
65772130,6,3,0
65774049,4,3,0
65782829,5,3,0
65784254,5,3,3
65791048,4,3,1
65791130,4,3,0
65798636,4,3,0
65801282,5,3,0
65802021,5,0,0
65803421,6,3,1
65804503,3,3,0
65808837,3,3,0
65809086,4,3,0
65809537,5,3,0
65815115,6,3,1
65817611,6,3,1
65819598,5,3,0
65834193,6,3,0
65838739,3,3,0
65858195,4,3,0
65859788,6,3,2
65859993,3,3,0
65860665,5,3,1
65867088,6,3,0
65867360,3,3,2
65872692,6,3,0
65874696,5,3,0
65875416,8,3,1
65876197,7,3,2
65881940,4,3,1
65895417,2,3,2
65899735,6,3,0
65902654,6,0,0
65904973,3,3,0
65905490,6,3,0
65906546,4,3,0
65911002,4,3,1
65912934,4,3,0
65922467,5,3,1
65922614,6,3,0
65924317,4,3,0
65929589,4,3,0
65930207,4,3,0
65939403,3,3,0
65939780,1,3,0
65940432,5,3,0
65945635,5,3,1
65948072,5,3,1
65952083,5,3,3
65958458,3,0,0
65964455,5,3,0
65964987,0,0,0
65968102,5,3,0
65968256,5,3,0
65973730,5,3,0
65973908,5,3,0
65984736,5,4,0
65984942,2,3,0
65985452,6,3,0
65990778,6,3,0
65992089,4,3,0
65992905,5,2,1
65994718,5,3,0
65995033,3,3,1
65996528,7,0,1
66001175,7,3,0
66001452,3,3,0
66002813,5,3,1
66003771,6,3,0
66003988,5,3,0
66004554,6,3,0
66008328,6,0,0
66008410,6,0,0
66009413,5,3,0
66010383,4,3,1
66012376,2,3,2
66014445,3,3,0
66014736,6,3,0
66018188,5,3,0
66019846,5,3,0
66020270,6,3,0
66024083,5,3,0
66024457,3,3,0
66024632,4,3,0
66028332,4,3,0
66030384,5,3,0
66030490,5,3,0
66041997,5,0,0
66043971,6,3,1
66046593,3,3,0
66046798,2,3,0
66048599,3,3,0
66051735,5,4,0
66051836,3,2,0
66054467,5,3,0
66057230,5,3,0
66064229,6,3,0
66065015,8,3,0
66068766,5,3,0
66071475,3,3,0
66074441,5,0,0
66083323,3,3,0
66084764,5,3,2
66093478,6,3,0
66097361,6,3,0
66098838,1,3,0
66103480,5,3,0
66108073,9,3,0
66109701,6,0,3
66110533,6,3,0
66116837,5,3,0
66126684,4,3,0
66131645,5,3,0
66132742,4,3,2
66133945,4,3,0
66134955,6,0,0
66135384,5,3,1
66135808,5,3,0
66137237,7,3,0
66138205,4,3,0
66138754,6,3,0
66143999,3,3,0
66144274,1,3,0
66147529,4,3,0
66149142,4,3,0
66149804,2,3,3
66149904,1,4,0
66152948,2,3,3
66154248,5,3,1
66161484,5,3,0
66164725,6,3,0
66170334,5,3,0
66170982,6,3,2
66171933,5,3,0
66173252,3,3,0
66177120,3,3,1
66183339,3,3,0
66196799,4,3,0
66206589,5,3,0
66208641,8,0,0
66210744,2,3,0
66212567,8,0,0
66213170,5,3,0
66221956,4,3,1
66222625,4,3,0
66223795,7,3,0
66225708,6,3,0
66226751,5,3,1
66228686,4,3,1
66229611,6,0,0
66230198,5,3,0
66239080,2,3,0
66247208,6,3,1
66247557,3,3,0
66250134,7,3,0
66251562,5,3,0
66264487,6,3,0
66274586,6,3,0
66278359,5,3,1
66280872,4,3,0
66283045,4,3,2
66288587,4,3,1
66293413,6,3,0
66309694,6,3,0
66311846,4,3,2
66318856,1,3,0
66322416,5,3,2
66328626,6,0,0
66330561,6,0,0
66334578,4,3,0
66339800,4,0,0
66345531,3,3,0
66352327,7,3,0
66352604,5,3,2
66355141,6,3,1
66362106,7,3,0
66366222,6,3,0
66367465,3,3,1
66379032,4,3,0
66384749,4,3,0
66394162,6,3,1
66394865,3,3,1
66395686,6,3,1
66398251,6,3,0
66403573,4,3,0
66403855,4,3,0
66410434,5,3,0
66411825,5,3,0
66413907,6,3,1
66417400,4,3,0
66429712,5,3,0
66435166,4,4,3
66438983,7,0,0
66439276,3,3,0
66449175,5,3,0
66455637,6,3,2
66456360,6,3,0
66458736,5,3,0
66460211,4,3,0
66463354,6,0,0
66465363,5,3,0
66472553,5,3,0
66482752,7,0,1
66483819,5,3,1
66497213,5,3,0
66499652,1,3,0
66500162,3,3,0
66503676,2,3,0
66505072,0,0,3
66517153,5,3,0
66522566,5,3,0
66523356,6,3,0
66533293,5,3,0
66535027,5,3,0
66538636,5,3,0
66539358,2,3,2
66539851,2,3,0
66550126,6,3,0
66552922,3,3,0
66555385,6,3,0
66565778,7,3,0
66567260,5,3,3
66567439,7,3,0
66576497,5,0,0
66584205,3,3,0
66591312,5,0,0
66594569,3,3,0
66595313,1,3,0
66616375,5,3,1
66617382,5,3,0
66621641,6,3,0
66628515,5,3,0
66645270,3,3,2
66646164,7,0,0
66646351,4,3,1
66647387,3,3,0
66666021,3,3,0
66666999,1,3,0
66667108,6,3,3
66667777,7,3,1
66668635,3,3,1
66668660,5,3,0
66672862,3,3,0
66673002,5,3,0
66676552,3,3,0
66676808,6,3,0
66684139,3,3,1
66695683,4,3,0
66710169,6,0,0
66711800,5,3,0
66715368,4,3,0
66715392,5,3,0
66717823,5,3,0
66734450,5,3,0
66735045,6,3,0
66735550,4,3,0
66735683,5,3,0
66736461,6,3,0
66746072,5,3,0
66748036,5,3,1
66751519,7,0,0
66751843,1,3,0
66752475,4,3,0
66755313,4,3,0
66759949,7,3,0
66766246,2,1,0
66770999,6,3,0
66774405,6,3,0
66777645,6,3,1
66784055,1,4,0
66787902,3,3,0
66788053,5,3,0
66798377,6,3,3
66799998,1,4,0
66801438,7,0,0
66802514,2,3,1
66803714,6,0,0
66804103,4,3,2
66805004,7,3,2
66807335,5,3,0
66809277,6,3,3
66813197,6,3,0
66818086,5,3,0
66818204,4,3,3
66825446,6,3,1
66828779,6,3,0
66831136,5,3,1
66840006,5,3,0
66842334,4,3,0
66846145,5,0,0
66856402,1,3,0
66868300,5,3,1
66869791,4,3,0
66876660,3,3,0
66877830,5,3,0
66880666,5,3,0
66880751,4,3,2
66880984,5,3,0
66886044,5,3,0
66888568,5,3,0
66891871,1,4,0
66892887,6,3,3
66894327,3,3,1
66894372,8,0,0
66894497,8,3,0
66894813,5,3,0
66902477,2,3,0
66911380,8,3,1
66913900,8,3,0
66913944,5,3,0
66918443,4,3,2
66924344,5,3,0
66926840,3,3,1
66928755,6,3,0
66933406,4,3,0
66935010,5,3,0
66939241,3,3,0
66943879,7,0,0
66944745,2,3,0
66953630,4,3,1
66969465,5,3,1
66971454,3,3,0
66972722,4,3,1
66974275,5,3,0
66975233,4,0,3
66986655,7,3,0
66986794,6,3,0
66988816,5,3,0
66991546,1,3,1
66993583,5,3,2
66997020,5,3,0
67003721,9,3,0
67004221,4,3,0
67005569,3,3,0
67012552,4,3,0
67021940,5,3,1
67024889,5,3,2
67026487,3,3,0
67027712,1,3,0
67028299,3,3,0
67028379,5,3,3
67029316,3,3,0
67031895,4,4,1
67032215,7,0,0
67037025,7,3,0
67037901,4,3,0
67040369,6,3,0
67040671,5,3,0
67040743,5,3,0
67043873,5,3,2
67048813,6,3,0
67048858,6,3,1
67052198,2,3,0
67065262,5,3,1
67066764,5,3,0
67068929,5,3,0
67069217,4,3,1
67074540,4,3,0
67081528,4,3,0
67083022,3,3,3
67083894,4,3,1
67086718,5,3,0
67090468,4,0,0
67093298,3,2,0
67093339,5,3,2
67103234,7,3,0
67104761,5,3,1
67107283,6,0,0
67121926,5,3,1
67122200,4,3,2
67132686,6,0,0
67138945,1,3,0
67140424,6,3,0
67147636,5,3,0
67150541,1,3,0
67152278,3,3,3
67163151,6,3,0
67167666,3,2,0
67174726,6,0,0
67180127,4,0,0
67180546,2,3,0
67183200,5,3,0
67185717,5,3,2
67187377,6,3,1
67187773,5,3,0
67192791,5,3,0
67200637,7,3,0
67203846,5,3,0
67207100,5,3,0
67210422,6,3,1
67210950,4,3,0
67211838,4,3,3
67211948,7,3,0
67213013,5,3,1
67213456,6,3,0
67214220,5,3,0
67214607,6,3,0
67215211,7,3,0
67231948,4,3,0
67232642,7,3,0
67242541,7,3,2
67243089,4,2,1
67244863,0,0,3
67250891,5,0,2
67253195,4,3,2
67258208,4,3,0
67265066,6,3,0
67282461,5,3,0
67287373,5,3,0
67289620,5,3,1
67293185,5,3,1
67299071,3,0,0
67301658,5,3,3
67315935,2,2,1
67316617,7,0,3
67317970,5,3,0
67318618,4,3,2
67324444,6,3,3
67327243,3,3,0
67332577,7,0,1
67333047,8,3,0
67336696,3,3,1
67337466,5,3,0
67337593,5,3,1
67339945,0,0,0
67351115,9,3,0
67352436,7,3,0
67352969,3,3,0
67359947,4,3,1
67360056,5,3,0
67364289,6,3,0
67367713,6,3,0
67370311,7,0,0
67376013,5,3,0
67377608,1,3,0
67379237,4,3,0
67381428,3,3,0
67386414,2,3,1
67390759,5,3,0
67392013,3,3,0
67395922,4,3,0
67399024,6,3,0
67399702,7,3,0
67400868,4,3,0
67402433,5,3,0
67409592,3,3,0
67412209,5,3,1
67415669,4,3,0
67415985,4,3,1
67420553,3,3,0
67426311,0,0,3
67427660,3,3,1
67438323,4,3,1
67441964,3,3,0
67445696,5,3,0
67450173,1,3,0
67450812,0,1,0
67457363,6,3,0
67459345,4,3,0
67462896,3,3,0
67463002,2,3,0
67465703,5,2,0
67465731,1,3,0
67475773,6,3,1
67481344,5,3,0
67487837,4,3,1
67494810,4,3,0
67496498,6,3,0
67500921,4,3,0
67503486,5,0,0
67511389,5,3,0
67511562,4,3,0
67511827,2,3,0
67512519,3,3,0
67519671,5,3,0
67527033,4,3,1
67527881,3,3,0
67527983,4,3,0
67530754,3,2,1
67531336,5,3,0
67533393,3,3,0
67537479,5,3,1
67539329,6,3,2
67546933,7,3,0
67547195,5,3,0
67550825,5,3,0
67554159,4,3,2
67566073,3,3,1
67567880,4,3,0
67568591,5,3,2
67572851,4,0,1
67575144,2,3,2
67581949,5,3,0
67584696,5,3,0
67587756,4,3,0
67597399,4,0,0
67597805,5,3,1
67598015,6,0,0
67598153,6,3,0
67598567,2,3,0
67605252,5,3,0
67607473,4,3,0
67611411,4,3,0
67611419,5,3,1
67616890,3,3,0
67620146,5,3,0
67620770,4,3,0
67624961,3,3,2
67626296,5,3,2
67627049,4,3,0
67630596,4,3,0
67644543,5,3,0
67644601,6,3,0
67647202,6,0,0
67647636,7,0,0
67651373,2,3,1
67655148,5,3,1
67657319,6,3,1
67660045,3,3,1
67661363,2,4,0
67665107,6,3,0
67665526,5,3,0
67666839,3,3,1
67667058,5,0,0
67674694,6,3,0
67679997,3,3,0
67680203,5,2,0
67682318,2,2,0
67684080,5,3,0
67686138,6,0,0
67696242,5,3,1
67702577,4,3,0
67702859,2,3,1
67704555,5,3,0
67709048,4,3,0
67709886,6,3,1
67723473,4,3,1
67728413,7,3,2
67730271,5,3,0
67737305,4,3,0
67740037,6,3,0
67749130,5,3,3
67751502,4,3,0
67752636,8,0,1
67753151,6,3,0
67753412,4,3,1
67756202,6,0,0
67756256,4,3,0
67757990,4,3,1
67761718,1,4,0
67762374,1,3,0
67770540,4,3,0
67772287,6,3,0
67776709,5,0,1
67779832,6,3,0
67779940,5,3,0
67789444,4,3,2
67790008,6,3,0
67791634,5,3,0
67807966,3,3,1
67815085,4,3,0
67815476,3,3,1
67816341,4,0,0
67817799,6,3,0
67823619,5,3,0
67824415,6,4,0
67824820,3,3,0
67829606,5,3,0
67830737,4,3,0
67838614,6,3,2
67838870,5,3,0
67841398,6,0,3
67841981,3,3,0
67853336,2,3,0
67863474,3,3,0
67867242,5,3,0
67869990,6,3,1
67876816,7,3,0
67879208,6,0,1
67881256,2,2,0
67883308,5,3,1
67897844,5,3,0
67897852,4,3,0
67899323,6,3,2
67905112,5,3,0
67918036,4,3,0
67921688,6,3,2
67922254,5,3,0
67924915,4,3,0
67926759,4,3,1
67927099,6,0,0
67931246,6,3,0
67931682,4,3,0
67932102,6,3,0
67937157,7,3,0
67938241,5,3,0
67939767,7,3,0
67941970,4,3,1
67944941,6,3,0
67946344,5,3,1
67956463,4,3,0
67959900,5,3,1
67960201,6,3,0
67966940,7,0,0
67968081,4,3,0
67970664,5,3,0
67973032,7,0,0
67975387,6,3,0
67975544,7,3,0
67980973,5,3,0
67999789,4,3,0
67999828,4,3,0
67999836,2,3,0
68004239,5,3,0
68014827,4,3,0
68016791,5,3,0
68019238,5,3,1
68021028,5,3,0
68023207,5,3,0
68026665,0,0,0
68028331,3,3,2
68028539,5,3,2
68030703,5,3,0
68032889,0,0,3
68039584,5,0,0
68044624,2,3,0
68044637,5,3,1
68047133,1,3,0
68047456,6,0,0
68054682,6,3,0
68059782,4,3,3
68060517,8,0,0
68061395,7,3,0
68061575,7,3,0
68064189,3,3,0
68064559,5,3,0
68067060,6,3,0
68077151,7,0,0
68078490,3,3,1
68079038,2,0,1
68081333,4,3,0
68082071,4,3,0
68082130,6,3,0
68086373,5,3,1
68092951,5,3,0
68094041,6,3,2
68099387,3,3,0
68103063,5,3,1
68110136,5,3,0
68111550,5,3,1
68111625,1,3,0
68117911,8,2,2
68118946,6,3,0
68125842,5,3,0
68134846,4,3,0
68141646,6,3,0
68144044,5,3,0
68148782,5,3,1
68156053,5,3,0
68160195,6,0,0
68167932,6,3,0
68174083,7,2,0
68178942,6,3,0
68179284,2,3,0
68180982,4,3,0
68182546,4,3,2
68185367,4,3,0
68186634,6,3,0
68190059,5,3,1
68195879,4,3,2
68196761,4,3,0
68197113,4,3,0
68201982,4,3,0
68214770,5,3,0
68230526,5,3,1
68232871,4,3,0
68235696,5,3,0
68247830,7,3,1
68257742,0,3,0
68259255,5,3,0
68263042,2,3,0
68263444,7,0,0
68264460,4,0,0
68265721,6,3,0
68265955,5,4,0
68272452,5,3,0
68273758,6,0,0
68286529,0,0,0
68289376,7,3,1
68293240,4,3,0
68296873,8,3,0
68307234,6,3,0
68319308,7,0,0
68322043,8,0,1
68330503,6,3,0
68340004,6,3,0
68342214,5,3,1
68344649,6,3,3
68345749,4,3,0
68347946,5,3,0
68350875,8,0,0
68362868,3,3,1
68364070,7,0,0
68364735,1,2,0
68372114,3,3,0
68374368,5,3,0
68387415,5,3,0
68395214,4,4,0
68396539,5,2,0
68397640,7,3,0
68399021,1,2,0
68403333,5,3,1
68410496,4,3,1
68415152,5,3,0
68423619,4,3,0
68424608,6,0,3
68432913,4,3,1
68442208,3,3,0
68445687,5,3,0
68455373,4,3,0
68457083,5,3,0
68459064,1,3,0
68461314,3,3,0
68477294,6,3,1
68477618,3,3,0
68480358,5,3,0
68499352,7,3,0
68499651,5,3,0
68502127,3,3,0
68509384,5,3,0
68510069,6,3,0
68514021,6,0,0
68536388,3,3,0
68540220,8,4,0
68543406,2,3,2
68544356,3,3,1
68549447,5,0,0
68550669,5,3,0
68558911,3,3,1
68559285,5,3,0
68564905,3,3,0
68579911,6,3,0
68589601,5,3,0
68594698,7,0,0
68595144,6,3,0
68610066,4,0,0
68614662,4,3,3
68615851,5,2,0
68616568,5,2,1
68629740,2,3,0
68647648,7,0,0
68651971,5,3,0
68656055,5,3,1
68658630,5,3,0
68662533,6,0,0
68665836,4,3,0
68669438,6,0,1
68675861,0,4,0
68680024,4,3,1
68685240,5,3,1
68686239,7,3,1
68688449,6,0,0
68690481,4,3,0
68694049,4,3,0
68695839,4,3,2
68699466,4,3,0
68700257,5,3,0
68717931,5,3,0
68719823,3,0,0
68725130,7,3,0
68733092,6,0,0
68739428,4,3,2
68740546,1,4,0
68744773,3,3,3
68747571,5,3,0
68752866,6,3,0
68757827,3,3,0
68766723,3,3,0
68771047,5,3,0
68771479,7,3,0
68777034,5,3,0
68784158,2,3,1
68790241,4,3,0
68794066,4,3,0
68794164,6,3,0
68795864,7,3,0
68799704,8,3,0
68800846,5,3,0
68808210,4,3,0
68812262,5,3,0
68821406,6,2,1
68825769,4,3,0
68828971,6,3,1
68843448,6,3,0
68844962,6,0,3
68845180,5,3,0
68849214,5,3,3
68849655,5,3,0
68857687,5,0,0
68857881,6,3,0
68873644,5,3,1
68877816,4,3,0
68879307,4,3,0
68885978,5,3,0
68890229,2,3,0
68892287,3,3,0
68897932,5,3,0
68899885,2,3,0
68902126,3,3,0
68903690,6,3,1
68911277,7,3,1
68921262,4,3,0
68921318,7,3,0
68925438,4,3,0
68926892,3,3,0
68928113,4,3,0
68932960,4,2,0
68934877,5,3,0
68944287,2,3,0
68945797,5,3,0
68951500,4,3,0
68964688,4,3,0
68975000,5,3,0
68975840,3,3,0
68977877,6,0,0
68979495,6,0,0
68981376,0,0,1
68982243,5,3,0
68982262,2,3,0
68983316,8,0,0
68984391,7,3,0
68990588,5,3,2
68991859,5,3,0
68992240,5,3,0
68994296,4,3,0
68998212,5,3,1
69003687,2,3,1
69004109,5,3,0
69006317,5,3,0
69007311,3,3,0
69010841,7,3,0
69012060,6,3,1
69020548,7,3,0
69023145,4,3,2
69049060,2,3,0
69049094,5,3,0
69053378,3,3,0
69069448,2,3,0
69078195,3,3,0
69079023,2,3,0
69081566,4,3,3
69081846,4,4,0
69084850,0,0,0
69089672,5,3,1
69092487,7,3,0
69094363,0,0,0
69094904,5,3,0
69109308,5,3,2
69110586,6,3,1
69114508,4,3,1
69115139,6,3,0
69117150,7,3,0
69118363,4,3,3
69118645,5,3,0
69119712,6,3,1
69143525,8,0,1
69143872,5,3,3
69144542,6,0,0
69146564,5,3,0
69174105,5,3,0
69180711,7,0,0
69197021,5,3,0
69219083,5,3,1
69220915,0,0,0
69225188,7,3,0
69242153,6,3,0
69245090,4,3,1
69250196,4,3,1
69258031,4,3,0
69267971,3,3,0
69269438,6,3,0
69272425,5,3,1
69277248,6,3,0
69288814,6,3,0
69291416,4,3,0
69302112,5,3,1
69303884,5,0,0
69309640,4,3,0
69313761,4,0,0
69314264,2,3,0
69316214,5,3,0
69336712,4,3,0
69355152,5,3,0
69359522,4,3,0
69361954,6,3,1
69374468,6,3,0
69375638,6,3,0
69377270,6,3,0
69391875,6,3,0
69394191,5,3,0
69399367,5,3,0
69402692,5,3,0
69412150,6,3,0
69422876,5,3,0
69442430,3,3,0
69446943,5,3,0
69469178,5,3,1
69476371,0,0,0
69497052,5,3,2
69531518,2,3,1
69535259,5,3,1
69563357,7,0,0
69567217,7,3,0
69582529,2,4,1
69583188,5,3,1
69597547,0,1,0
69607873,6,3,0
69615116,3,2,3
69641238,4,3,1
69653472,7,3,1
69653817,3,3,0
69659366,6,2,0
69666300,5,3,0
69673185,6,3,2
69685526,6,3,2
69688097,6,3,0
69688798,6,3,0
69696982,5,3,0
69701323,2,3,3
69702101,4,3,1
69713641,7,0,0
69715661,7,3,1
69720283,5,3,0
69723197,1,4,0
69724289,5,3,0
69726526,4,3,0
69727019,5,3,0
69732552,2,3,0
69752216,5,3,1
69756117,6,3,0
69764143,6,3,1
69770011,6,3,0
69770063,7,0,0
69771056,6,3,0
69772977,4,3,0
69785154,8,0,0
69802722,5,3,3
69808383,6,3,0
69830231,6,3,0
69845976,4,3,0
69846302,4,3,3
69848821,3,3,0
69857632,5,3,2
69861564,5,0,0
69862173,4,3,0
69867717,7,3,0
69870181,5,3,0
69872317,6,0,0
69882249,1,4,0
69884906,6,0,0
69902829,4,3,0
69905045,4,3,0
69910717,5,3,0
69912469,6,2,0
69912803,6,3,2
69918629,4,3,1
69919907,5,3,0
69924897,7,0,0
69934193,6,0,0
69939374,5,0,0
69945731,6,3,0
69957129,6,3,0
69959873,3,3,1
69962461,5,3,1
69963578,5,3,0
69996090,1,3,0
69996779,5,3,0
70007615,5,3,0
70009608,5,3,0
70014347,3,3,2
70019106,5,3,3
70025204,6,0,0
70026860,5,3,0
70036249,7,0,1
70041312,6,3,0
70046206,4,3,1
70046570,3,3,1
70059044,6,3,0
70067426,4,3,0
70068227,5,3,3
70069393,2,3,1
70101147,4,3,0
70105726,5,3,0
70111986,5,2,0
70128900,3,3,0
70129051,4,3,2
70130278,6,3,0
70132237,4,3,0
70136892,3,3,0
70139298,5,3,0
70144621,5,3,0
70145127,2,3,1
70146400,9,3,3
70149360,2,3,0
70149829,3,0,0
70160012,6,3,0
70162571,4,3,0
70164992,6,3,0
70174316,2,3,3
70188296,2,3,0
70196360,4,3,0
70208885,3,4,0
70214796,3,3,1
70220531,5,3,0
70224051,6,3,0
70239293,3,3,0
70240661,5,3,0
70246943,6,3,0
70254698,9,3,0
70257136,4,3,0
70257328,2,3,0
70258288,5,3,2
70260173,2,3,0
70270102,5,3,0
70277305,7,0,0
70279717,3,4,2
70291396,7,3,0
70296287,2,3,0
70317168,5,3,0
70327418,1,3,0
70329796,4,0,0
70331733,5,3,0
70334703,5,3,1
70346114,5,3,2
70358504,5,3,0
70363627,5,3,0
70385155,5,3,0
70387221,6,0,0
70390304,5,3,2
70395842,5,3,0
70406341,3,3,0
70428801,7,3,0
70432922,4,3,0
70446777,5,3,1
70447528,2,3,0
70459571,4,3,0
70465347,5,3,0
70465674,3,3,1
70466400,5,3,0
70473134,7,3,0
70484049,7,3,0
70486167,5,3,1
70493980,8,0,3
70505091,6,0,0
70514832,5,3,0
70517633,5,3,0
70521724,3,3,0
70526011,5,3,1
70536817,4,2,0
70540667,5,0,0
70541703,8,3,0
70543604,5,3,1
70544584,8,2,0
70550232,4,3,0
70557122,5,3,0
70558203,6,3,0
70559122,3,3,0
70577824,5,3,0
70580292,9,3,0
70580911,6,0,0
70584466,2,3,0
70585938,3,3,0
70586330,8,3,0
70590865,6,3,0
70598582,6,0,0
70600362,6,3,0
70618694,5,3,1
70619090,5,3,0
70623721,5,0,0
70625275,5,3,0
70627398,2,3,0
70632659,6,3,0
70634180,5,3,0
70637803,5,2,0
70652737,6,3,0
70660598,5,3,0
70661363,4,3,1
70666243,5,3,0
70672677,3,3,1
70676516,5,3,0
70696990,5,3,0
70701722,5,3,1
70707598,3,3,3
70707786,6,0,0
70717402,5,3,2
70738279,4,3,0
70740142,5,3,0
70754090,6,3,1
70754765,8,0,0
70779230,3,3,1
70823421,6,3,0
70828919,3,3,0
70853053,5,3,0
70855280,4,3,0
70856904,5,3,0
70856905,7,3,0
70856908,5,3,0
70856922,5,3,1
70858466,5,3,0
70876169,5,3,0
70890477,5,0,0
70891916,7,3,0
70903721,5,3,0
70906940,7,0,0
70907119,4,3,0
70920216,4,3,0
70927476,4,3,0
70931061,5,3,0
70932143,5,3,0
70969428,7,3,0
70973941,4,4,0
70977586,8,3,0
70990039,6,3,0
70993494,4,3,0
70993706,3,3,0
70995748,7,3,1
71013143,6,3,0
71016751,4,3,0
71021175,4,3,1
71025052,4,3,2
71036486,6,0,1
71052517,5,3,0
71056684,2,3,0
71059002,5,2,0
71061446,4,0,0
71083130,0,0,0
71089148,3,2,0
71112906,5,0,0
71134050,5,3,0
71137357,5,3,1
71144718,8,3,0
71148481,5,3,0
71155992,3,3,0
71171353,0,0,0
71171684,4,3,0
71182186,5,3,0
71186483,2,3,0
71186990,0,4,0
71189175,7,3,0
71198488,1,4,0
71204700,6,3,0
71208956,4,3,0
71215799,6,3,0
71218793,3,4,1
71218913,3,3,0
71241507,4,3,0
71246751,4,3,0
71256440,6,3,3
71257097,2,3,0
71262417,1,3,0
71263052,4,3,0
71269421,5,3,0
71270149,6,3,0
71273810,5,3,3
71274347,4,3,0
71285267,4,3,1
71288507,6,3,0
71289706,4,3,0
71292716,7,0,0
71299836,4,3,0
71308306,5,3,0
71312474,6,3,0
71324572,5,3,0
71344725,7,3,0
71358201,2,3,0
71366941,5,3,0
71370929,5,3,0
71371059,6,3,0
71376251,3,3,1
71379789,4,3,0
71383135,6,0,1
71396406,5,3,0
71409171,5,3,0
71415340,6,0,0
71442539,6,0,0
71449636,6,0,1
71450147,6,0,1
71463949,5,3,0
71464633,6,3,1
71479334,6,3,0
71480614,5,3,0
71480997,0,0,0
71486030,6,3,0
71492934,4,3,0
71492935,5,3,0
71493407,3,3,1
71499036,5,3,0
71505345,6,3,3
71517812,6,3,0
71520198,5,3,1
71521917,10,0,0
71523960,5,3,2
71527876,4,2,0
71538721,4,3,0
71541242,5,3,0
71546824,0,1,0
71551531,5,0,1
71553074,6,0,0
71556227,6,0,0
71561855,6,3,1
71572487,3,3,0
71573471,6,0,0
71573765,3,2,1
71577665,5,3,0
71604184,5,3,0
71617862,3,3,1
71635803,5,3,0
71643312,5,4,0
71652583,6,0,0
71652782,6,3,1
71661411,5,3,0
71676278,5,0,0
71679273,5,3,0
71684410,7,3,0
71689378,7,0,0
71690824,3,3,0
71691736,6,3,0
71694154,4,3,0
71698737,6,3,1
71698904,3,3,0
71721944,5,3,1
71728946,0,0,0
71734563,6,3,0
71736604,7,3,0
71739033,8,3,0
71755673,6,0,0
71775411,4,3,0
71792871,5,2,0
71804085,5,2,0
71812155,4,3,2
71824545,4,0,1
71825758,6,3,0
71837334,4,2,1
71839679,6,0,1
71848371,5,3,0
71870291,5,0,0
71898665,2,2,0
71901166,4,3,2
71901597,2,3,0
71914052,5,3,0
71921903,5,3,2
71924601,6,0,0
71925236,6,0,0
71925435,3,3,0
71927048,6,3,0
71930730,6,3,0
71939990,3,3,0
71948605,3,3,3
71958277,4,3,0
71963483,3,3,0
71969756,4,3,0
71970437,3,3,0
71971934,5,3,0
71979746,5,3,0
71983014,0,0,0
71995556,4,3,0
72011359,5,3,0
72013352,4,3,1
72033526,5,3,0
72035788,6,3,0
72046083,4,3,1
72052091,4,3,0
72065283,6,0,1
72075426,6,3,1
72081377,5,3,0
72085635,5,3,0
72094799,7,3,0
72104692,5,3,0
72114539,4,3,0
72117739,4,2,1
72123406,4,3,0
72138328,4,3,0
72138480,3,3,0
72140914,0,0,0
72149619,6,2,0
72165312,6,3,0
72171308,0,4,0
72179463,6,3,0
72198422,3,2,1
72200760,9,3,0
72200977,6,3,0
72202563,6,3,0
72227962,2,3,0
72228086,6,3,0
72228867,7,0,0
72229921,2,3,0
72233989,4,3,0
72236230,5,3,0
72236922,5,3,1
72239997,7,3,1
72254258,3,3,1
72254542,5,4,0
72264521,3,3,0
72265655,7,2,0
72269465,5,3,0
72269624,0,0,0
72275611,5,3,2
72278375,0,0,0
72284160,3,3,1
72296846,5,3,0
72311695,5,3,0
72311892,6,3,2
72314446,6,3,0
72315851,6,0,0
72343107,4,3,0
72348854,4,3,1
72352243,5,3,0
72355341,7,3,0
72355946,5,3,0
72377994,3,3,0
72383395,2,3,0
72383547,7,3,1
72383772,2,3,0
72387331,3,2,1
72389660,4,3,1
72390292,5,3,0
72401599,0,0,0
72405097,7,3,3
72410001,4,3,1
72412468,6,0,0
72413015,5,3,0
72416452,3,3,0
72423358,4,2,0
72430582,4,3,0
72431616,5,0,0
72444389,6,3,0
72464807,4,3,0
72467883,5,3,0
72479068,4,3,1
72498677,6,2,0
72501762,2,3,0
72503486,6,3,0
72504074,4,3,0
72521328,6,3,0
72524309,4,3,0
72535545,4,3,1
72537061,4,0,1
72545584,6,3,0
72553823,2,4,0
72563149,4,3,0
72567169,4,3,1
72568016,4,3,0
72573767,5,3,0
72576277,6,3,0
72578246,5,2,0
72590532,6,0,0
72595882,5,3,0
72599131,4,0,0
72605746,6,3,1
72619926,8,3,0
72625012,4,3,1
72633805,4,3,0
72636340,4,3,0
72638302,1,2,0
72665872,7,3,0
72667503,6,3,0
72680451,6,3,1
72685871,4,3,1
72690219,3,3,0
72705270,7,0,1
72706352,5,3,0
72707552,7,3,0
72707637,4,0,0
72708773,5,3,0
72710298,5,3,0
72710712,5,3,0
72713582,4,3,2
72732348,3,3,0
72735412,0,0,0
72738449,4,3,1
72739982,4,3,1
72740354,7,0,0
72741334,5,3,0
72748794,1,3,0
72750678,6,3,2
72751991,6,3,1
72753063,7,3,1
72761527,7,0,2
72779911,5,3,0
72801952,4,3,1
72807796,3,3,1
72811925,6,3,0
72815421,5,3,0
72816567,7,2,0
72820079,4,3,0
72821714,5,3,0
72827401,5,3,0
72832248,5,3,0
72834169,7,0,0
72836075,6,0,0
72854867,6,0,0
72861745,5,3,0
72865715,5,0,0
72866124,5,3,0
72867778,5,0,0
72872709,5,3,1
72878660,2,4,0
72882588,6,0,0
72884210,5,3,3
72889954,3,3,0
72896131,6,0,2
72898449,5,3,0
72900606,4,3,0
72904483,4,3,0
72910473,6,3,2
72924238,5,3,1
72937960,6,3,0
72939540,6,3,0
72947048,7,3,0
72967960,5,3,1
72968536,5,3,1
72969958,3,3,0
72983587,5,3,0
72983751,4,3,3
72984932,3,2,0
73000004,5,3,0
73002850,5,2,0
73012015,6,3,0
73021292,3,3,0
73035293,3,3,0
73036699,6,0,0
73038747,0,0,0
73039836,4,3,1
73045655,6,3,1
73047748,4,3,2
73048400,5,3,0
73065765,6,3,0
73073752,6,3,1
73074533,4,3,0
73075422,5,3,0
73075685,6,3,0
73076341,4,3,0
73077504,6,3,2
73086443,4,3,0
73093347,5,3,0
73101835,4,3,1
73106185,6,3,0
73111223,3,4,1
73115682,4,3,0
73116626,6,3,0
73123168,1,3,0
73128797,6,0,0
73130233,5,3,0
73151524,4,3,1
73154882,4,3,0
73160457,4,3,0
73162475,0,0,0
73180486,1,4,0
73192567,8,3,0
73195341,2,2,0
73201524,5,3,2
73204739,1,3,0
73206317,4,3,0
73220074,1,3,0
73221901,5,3,0
73227153,6,0,0
73239178,7,3,0
73240126,4,3,3
73240485,7,0,0
73260306,5,3,0
73264898,4,3,2
73273881,2,3,0
73292851,5,3,0
73317423,4,0,0
73323933,4,3,3
73324235,5,2,0
73329097,5,3,0
73330652,1,3,0
73339329,3,3,1
73339943,0,0,3
73341966,7,2,0
73347997,8,3,0
73351480,6,3,0
73354450,5,3,0
73355386,5,3,0
73358240,4,3,0
73359254,6,3,1
73365038,7,3,0
73365660,7,0,1
73373951,6,0,3
73376270,5,0,0
73376488,7,0,0
73379262,0,0,3
73400838,3,3,0
73401300,4,2,1
73405974,5,3,0
73407689,6,3,3
73409532,5,3,0
73409533,6,0,0
73409631,4,0,1
73422213,5,0,3
73431564,3,3,0
73453730,5,3,1
73456800,4,0,0
73460770,7,0,2
73465135,5,3,0
73465151,7,3,1
73478007,4,3,0
73484228,1,3,0
73497019,4,3,3
73500801,2,3,0
73513564,5,3,1
73520527,3,3,1
73535753,4,3,0
73537275,4,3,3
73564571,6,3,3
73567266,5,3,0
73571635,5,3,1
73576923,5,3,0
73593366,5,3,0
73599309,7,3,0
73599844,6,3,1
73618019,5,2,1
73618922,3,2,0
73623324,5,3,0
73635087,6,3,0
73638917,2,3,0
73667109,6,3,0
73668619,5,3,1
73678606,5,3,0
73687278,4,3,0
73694082,8,0,3
73696564,2,3,0
73697204,4,3,0
73715125,5,3,0
73715744,4,3,0
73739662,3,4,0
73762857,3,3,2
73763926,5,3,0
73773599,4,0,0
73791210,5,3,0
73792854,2,3,0
73808959,5,3,0
73820539,4,0,1
73830777,4,3,0
73832243,4,3,0
73837364,7,3,0
73844199,8,3,0
73845625,1,3,0
73845924,5,3,1
73847822,4,3,1
73858073,3,2,1
73866081,0,3,0
73885916,6,3,2
73900354,5,3,1
73936875,6,3,0
73937343,5,3,2
73939051,6,0,0
73946592,5,0,3
73949530,5,3,1
73950180,4,3,0
73956262,4,0,0
73958123,6,0,0
73958157,7,3,1
73960598,6,3,0
73962721,0,0,0
73965557,5,0,3
73983654,7,3,0
73999604,4,3,0
74002284,5,0,0
74005223,0,0,3
74010540,4,3,0
74011653,3,3,0
74023429,3,3,0
74031290,5,3,0
74032713,5,3,0
74035170,4,3,3
74042162,4,3,0
74047901,0,0,0
74059333,5,3,0
74059424,5,3,0
74061922,6,2,0
74063722,6,0,1
74068836,4,3,0
74069884,5,3,0
74070230,7,3,0
74073353,5,3,0
74076190,3,3,2
74077282,4,3,0
74085721,5,3,1
74086370,5,3,0
74089313,4,3,1
74096372,4,3,0
74100606,5,3,0
74115968,6,3,0
74142397,7,3,0
74148089,5,3,0
74157941,7,3,0
74161104,2,2,0
74162968,6,3,0
74167931,4,4,0
74172741,2,2,0
74177398,8,3,1
74184359,4,3,0
74186258,7,3,0
74190303,6,3,1
74198811,7,3,0
74216097,4,3,0
74228452,4,2,2
74251705,5,0,0
74253854,7,3,0
74261543,5,3,1
74261758,8,0,3
74262406,4,3,1
74268523,6,3,0
74268851,6,3,0
74281798,0,3,0
74289258,5,3,1
74294033,1,3,3
74295303,5,3,0
74305922,7,0,0
74322554,6,0,0
74325498,6,3,1
74328553,6,0,0
74329404,3,3,0
74346221,5,3,0
74348332,5,2,1
74370890,5,3,0
74375325,4,3,2
74377330,2,3,0
74385111,5,3,0
74392537,5,3,0
74398480,5,0,1
74409533,4,3,0
74422628,5,3,0
74425817,3,3,1
74428391,3,3,0
74441764,4,3,0
74446777,10,0,0
74447448,6,3,1
74457779,6,0,0
74460007,4,3,0
74460292,6,4,0
74463867,1,2,1
74481753,6,3,0
74481862,6,3,0
74484377,5,3,0
74484609,5,3,1
74487188,7,0,0
74491520,5,3,0
74492935,6,3,0
74495751,6,3,0
74497890,6,0,2
74504462,3,3,0
74506948,2,2,0
74520371,4,3,2
74521509,5,3,0
74529200,5,3,0
74531436,4,3,2
74532006,6,3,1
74540104,7,3,0
74542823,2,2,0
74551373,3,4,2
74559745,6,0,0
74567755,5,3,1
74578859,8,0,0
74580133,6,3,0
74599556,5,3,0
74603571,4,2,0
74609278,10,0,0
74612523,2,2,0
74612593,5,3,0
74613360,2,3,3
74640206,9,3,0
74642173,5,3,1
74659822,8,0,0
74659953,7,3,0
74677800,6,0,0
74713442,6,3,1
74719096,5,3,2
74724111,6,0,0
74725857,6,3,0
74730213,2,2,1
74731351,4,2,3
74736432,4,3,3
74750621,6,3,0
74751515,6,3,1
74775500,5,3,0
74775606,6,0,0
74785190,4,2,2
74805479,5,3,0
74821221,5,3,0
74845518,4,3,0
74869325,6,2,0
74873659,3,3,0
74878824,4,2,0
74888463,1,3,0
74890800,5,0,0
74896514,5,3,2
74899559,5,3,0
74908847,4,3,0
74909133,3,3,0
74911345,6,2,0
74915007,4,3,0
74917480,6,3,0
74930898,6,3,0
74932236,6,3,0
74943610,4,2,1
74948182,6,3,2
74952375,4,3,1
74971586,6,2,0
74975763,6,3,0
74986651,5,3,2
74986755,6,3,0
74995736,5,3,1
74996240,4,3,0
75014002,8,0,0
75015614,5,3,0
75016572,4,3,0
75016754,9,3,0
75022779,5,3,0
75031781,8,3,0
75051862,5,3,1
75052293,4,3,1
75055133,4,3,1
75059118,1,3,0
75059507,6,2,0
75061797,4,3,0
75061809,3,3,0
75061830,5,3,0
75095695,6,3,2
75097098,4,2,0
75101593,4,4,0
75107080,3,3,0
75113491,5,3,1
75116765,8,3,1
75119409,6,3,0
75131231,5,2,0
75144672,6,2,0
75157296,2,3,0
75174742,5,3,2
75177836,6,2,0
75186836,5,0,0
75187333,5,3,3
75190535,4,3,0
75191065,6,3,0
75198955,3,3,0
75201359,6,0,0
75201364,5,2,0
75220089,5,3,0
75225283,5,2,0
75237526,5,2,0
75239907,3,2,0
75243230,5,3,1
75243812,3,2,0
75244319,3,3,1
75245074,7,3,0
75247323,3,2,0
75250265,5,3,1
75256352,5,3,2
75263380,7,3,1
75272695,5,3,1
75278740,6,0,3
75283846,5,2,0
75286027,1,3,0
75294344,5,3,0
75313122,5,3,2
75314794,6,3,0
75325889,8,3,0
75328204,5,4,0
75328420,2,2,0
75331072,6,4,0
75341804,5,3,0
75361742,6,0,0
75367760,1,3,0
75374859,5,3,0
75391488,6,3,0
75402007,5,3,1
75422593,6,0,0
75423073,5,3,0
75424691,3,2,0
75424828,6,3,0
75438483,5,3,1
75443341,0,3,0
75449766,2,3,0
75450292,1,4,0
75452865,5,3,0
75455244,5,3,0
75466109,3,0,0
75468372,4,3,2
75468723,5,3,1
75473528,5,3,0
75474895,7,3,0
75482357,5,3,3
75483295,3,0,3
75498447,4,2,1
75499708,3,3,1
75518061,5,3,0
75519584,5,3,1
75523106,5,3,0
75528726,0,0,0
75531841,6,3,0
75532751,5,0,0
75534380,8,3,0
75541771,7,0,3
75544065,5,2,1
75546169,3,3,0
75553743,8,3,0
75555343,3,3,1
75559453,6,0,0
75565857,5,3,0
75581271,6,2,0
75593126,4,3,0
75593485,4,3,0
75602635,3,4,0
75604359,4,3,2
75611323,4,3,3
75615718,8,3,0
75621119,6,3,0
75623025,5,3,0
75674302,4,2,0
75686763,3,3,0
75690695,1,3,0
75697221,6,3,0
75698358,4,3,0
75703461,3,3,3
75710132,5,3,2
75713506,4,3,3
75719366,2,3,1
75720883,5,3,1
75726152,4,3,0
75727833,4,2,0
75728913,4,3,0
75732900,3,3,0
75736457,5,3,0
75736625,3,3,0
75736884,3,3,0
75737740,6,3,0
75739278,5,2,0
75744177,5,3,0
75746985,5,3,3
75762228,0,0,0
75769135,6,2,1
75770085,4,3,0
75776048,8,3,0
75778962,5,3,1
75781019,3,3,0
75786147,4,3,1
75789982,5,3,0
75805956,5,3,3
75814536,1,2,0
75825617,6,3,0
75829356,8,3,3
75835879,0,0,1
75842063,4,3,0
75853652,5,3,0
75857423,5,3,0
75867941,4,3,0
75869158,4,2,1
75874172,7,0,2
75880974,4,3,0
75890903,6,3,0
75891350,7,0,1
75892205,0,0,1
75902742,6,3,2
75905708,4,2,0
75916324,5,3,1
75921171,4,3,0
75925171,6,3,0
75933986,2,3,0
75936943,7,3,2
75939896,6,3,0
75940436,5,3,0
75941747,0,0,0
75941874,5,3,1
75959404,6,3,1
75962002,4,3,2
75965763,7,3,0
75969950,4,3,0
75986835,5,0,3
75994402,5,3,1
75995886,5,3,0
75997674,6,3,0
75999534,5,3,0
75999759,6,0,3
76000416,8,0,3
76004125,6,3,0
76006604,4,3,0
76010475,5,2,0
76018334,6,3,0
76020453,5,3,0
76023313,5,3,1
76024446,5,2,0
76027407,6,3,0
76037434,5,3,0
76054698,7,0,3
76058500,5,3,0
76064259,4,3,0
76067717,6,3,1
76070723,4,2,3
76071635,5,3,0
76073214,5,2,0
76080401,6,3,0
76081607,5,3,1
76096923,4,3,1
76098204,5,3,0
76107065,4,0,3
76115323,6,3,2
76128790,0,0,0
76138199,4,3,0
76139724,4,3,0
76141144,5,3,3
76146551,2,3,1
76160659,5,3,1
76173316,5,3,1
76178622,4,3,1
76183731,4,3,0
76190048,4,3,0
76192605,5,3,0
76194417,6,3,1
76212120,5,2,0
76215102,4,3,3
76215280,6,3,0
76217972,4,3,2
76218540,5,3,0
76235245,5,3,0
76238825,5,3,1
76243788,3,3,2
76253427,6,3,0
76256179,6,3,2
76258807,5,3,0
76259216,5,0,3
76260541,1,3,1
76270528,5,3,3
76273952,0,0,0
76284506,0,3,1
76290708,6,3,2
76291301,4,3,0
76311325,4,0,2
76324273,5,3,0
76326298,2,3,1
76327803,4,2,0
76336526,9,0,0
76342845,5,3,0
76345165,3,3,0
76350189,4,2,0
76357508,5,3,0
76359052,5,3,0
76367974,6,3,2
76367983,5,3,2
76371947,3,2,3
76378046,3,2,0
76386424,6,3,2
76407899,6,3,0
76407916,5,3,0
76410638,5,3,3
76421638,9,3,0
76435083,4,3,0
76440787,4,0,0
76441577,3,3,0
76446637,5,3,1
76447320,5,3,1
76453771,9,0,3
76456362,7,3,0
76476705,6,3,0
76493288,2,3,1
76500610,2,3,0
76517208,5,3,0
76517506,6,3,1
76524774,7,3,0
76528634,5,3,0
76529413,5,2,0
76530558,6,0,0
76533880,5,3,0
76538171,5,3,0
76538486,3,3,0
76541544,3,3,1
76544439,5,3,1
76557404,4,3,0
76560374,6,0,3
76561244,5,3,2
76562749,6,0,0
76562797,6,3,0
76568953,4,3,0
76569031,6,3,3
76584965,3,2,0
76588564,2,2,0
76592057,5,3,0
76592396,5,3,0
76604891,7,0,0
76605391,1,3,0
76639213,5,3,0
76651798,5,3,0
76661165,5,3,0
76661488,9,3,0
76665640,4,3,1
76669719,5,3,0
76677101,4,3,0
76685450,3,3,1
76685607,6,3,1
76686118,4,3,0
76691287,5,3,0
76693813,4,3,0
76694078,4,3,2
76696527,5,3,0
76696665,5,3,0
76700033,4,3,0
76708776,5,4,0
76713053,0,0,0
76716666,4,3,3
76717173,5,3,0
76717621,3,3,3
76729424,5,4,0
76730730,5,2,0
76734242,5,3,0
76736191,4,3,2
76736515,4,3,0
76744758,7,3,1
76750587,7,3,0
76756957,5,3,0
76757316,5,3,1
76764397,0,0,0
76767668,5,3,1
76767979,6,0,0
76773702,5,3,0
76776520,5,3,0
76788743,5,3,0
76794274,9,3,0
76796137,6,3,0
76796507,4,3,2
76808430,3,3,0
76810591,6,3,0
76811563,6,3,0
76812202,5,3,3
76814933,5,3,1
76820193,10,0,0
76825183,3,3,1
76826988,3,3,0
76828208,5,3,1
76828217,5,3,0
76828348,7,3,0
76834194,5,2,3
76843969,4,3,0
76849997,7,0,1
76850406,5,0,1
76852369,5,3,0
76858615,7,3,0
76859925,4,2,0
76860974,5,3,0
76867706,5,3,1
76873247,5,3,0
76875338,3,4,0
76876744,6,0,0
76878897,5,3,3
76879654,6,3,0
76885580,6,3,0
76890139,5,3,0
76892615,7,3,0
76893726,5,3,1
76903102,5,2,0
76907730,5,3,0
76908726,5,2,0
76921827,6,3,1
76936740,5,3,0
76947179,5,3,1
76947581,6,0,0
76950819,4,2,0
76951520,8,3,0
76960145,7,3,0
76961050,5,3,3
76961244,3,3,0
76964695,5,3,1
76966751,4,3,0
76968368,3,3,3
76970017,2,3,0
76972932,6,3,0
76975598,5,3,0
76975800,6,0,0
76977929,6,2,0
76980724,5,3,1
76983072,6,3,1
76984394,6,3,0
76993129,5,3,0
76994655,5,3,2
77002466,5,3,2
77006978,4,3,0
77007683,6,3,0
77008033,5,3,0
77009911,7,3,0
77010198,4,3,1
77027758,5,3,0
77031521,6,3,0
77036832,6,0,0
77039815,4,3,1
77041501,5,3,0
77050272,5,0,0
77051924,5,3,0
77070353,3,3,0
77074277,3,2,2
77078504,5,3,0
77078753,1,4,0
77082703,5,3,0
77083487,5,3,0
77085767,5,3,0
77086488,7,3,1
77093954,3,3,2
77099951,5,0,0
77103941,5,3,0
77105203,5,3,1
77113581,5,0,0
77117125,3,1,0
77127254,1,4,0
77132896,5,3,1
77139870,6,3,0
77142187,7,0,0
77143139,7,3,0
77148899,4,4,0
77150731,6,3,2
77151125,3,3,0
77152348,9,0,0
77152516,8,3,1
77157452,5,3,0
77159235,0,0,0
77161209,5,3,0
77166787,4,3,0
77170602,4,2,0
77173370,5,3,0
77173791,4,3,1
77184519,3,3,0
77185674,6,3,0
77189790,4,3,0
77193428,5,3,0
77194838,5,3,0
77195273,6,3,1
77196707,5,3,2
77200747,5,3,0
77202345,7,0,0
77204584,5,3,1
77223218,1,4,0
77231173,2,4,0
77232566,6,0,0
77235501,6,3,3
77236588,0,3,0
77236799,5,3,2
77242475,0,2,0
77256125,6,3,0
77261839,5,3,3
77263683,6,3,0
77268587,5,3,0
77268604,0,1,0
77270706,0,0,0
77275537,7,0,1
77276243,4,3,0
77278298,4,3,3
77282146,7,3,0
77289824,6,3,1
77291950,3,3,0
77305074,5,3,3
77305131,3,3,2
77306432,7,3,0
77307300,4,3,0
77316502,5,3,0
77326332,7,3,0
77328665,6,3,0
77337428,2,4,3
77344214,4,3,1
77361277,6,3,0
77365814,6,3,0
77369848,0,0,0
77370299,4,3,0
77383875,5,3,0
77385926,7,0,2
77398192,6,3,0
77407873,6,3,0
77408925,5,3,0
77411208,7,3,0
77412810,4,0,0
77421828,3,3,0
77449102,3,3,0
77450060,5,3,1
77458266,3,3,1
77461697,4,3,0
77470891,5,3,0
77472743,5,3,0
77474313,5,3,0
77477043,3,3,1
77483131,4,3,0
77501618,4,3,0
77507713,5,3,0
77508963,8,3,0
77512440,5,3,0
77512597,3,3,2
77525975,3,2,0
77528846,3,3,0
77531106,2,4,3
77533456,4,3,1
77533895,5,3,1
77557781,6,3,0
77560551,5,3,0
77562420,6,3,0
77563811,4,3,1
77566439,7,3,3
77571495,3,3,1
77573021,5,3,1
77585127,4,3,1
77586644,4,3,0
77590638,3,3,0
77601886,7,3,1
77605942,5,3,0
77607154,5,3,2
77607622,5,3,0
77611254,6,3,0
77617040,4,3,0
77619385,0,0,0
77627578,6,3,0
77628401,6,3,2
77631011,2,3,0
77640962,6,3,0
77643625,6,0,0
77651319,4,3,1
77653119,4,3,0
77666311,5,3,2
77677644,4,3,0
77684298,3,2,3
77686997,6,0,0
77689835,5,3,0
77695213,8,3,0
77701851,5,3,1
77705416,4,2,2
77709941,5,3,1
77735120,3,3,0
77737620,7,0,0
77746230,7,3,1
77748401,5,3,2
77756252,6,3,3
77756933,5,3,2
77757843,4,3,1
77762952,6,3,0
77763211,4,3,0
77777775,4,3,1
77777776,7,3,2
77782574,5,3,0
77783266,5,3,0
77783826,6,3,0
77789561,5,0,3
77806032,6,3,1
77808228,5,3,0
77808272,4,3,0
77810148,5,3,0
77810537,3,3,0
77812447,5,3,1
77818417,0,0,0
77818673,4,2,1
77819065,7,0,0
77821095,4,3,3
77824137,4,3,0
77825300,5,3,0
77831538,7,3,2
77840313,2,3,3
77844612,4,3,1
77853362,5,2,0
77855817,6,3,0
77857101,5,3,0
77863379,6,3,2
77870554,3,3,1
77880329,5,3,0
77881720,6,0,0
77883389,4,3,0
77884508,5,3,0
77890727,7,3,2
77895238,6,3,0
77900983,5,3,2
77904560,5,3,0
77905564,4,3,1
77911631,5,3,0
77911722,8,3,0
77914096,5,3,0
77918228,6,3,1
77921664,4,3,0
77936905,6,3,2
77942473,6,3,0
77945347,8,0,1
77951503,5,3,2
77951935,5,3,1
77954863,6,3,0
77957460,4,3,1
77962908,5,3,1
77964555,5,0,0
77967831,5,2,1
77969401,3,3,0
77972470,3,3,0
77973459,5,3,0
77973893,4,3,1
77976289,5,3,0
77981304,4,3,0
77982428,4,3,2
77984708,2,3,0
77987721,3,3,2
77988641,6,3,0
77991845,5,3,1
77996648,5,3,0
78006040,7,3,0
78008391,6,3,0
78008451,5,3,0
78013841,6,3,1
78022248,4,0,1
78022440,4,3,0
78026226,7,0,3
78032288,4,3,0
78039125,5,3,1
78039982,4,3,3
78042270,5,3,0
78051030,6,0,0
78051931,4,3,1
78052570,6,3,0
78057886,7,3,0
78060718,4,3,3
78069933,3,4,0
78070628,5,3,2
78076327,6,3,2
78078121,5,3,0
78083759,8,3,0
78086061,4,2,0
78087028,4,3,0
78087385,7,3,0
78088610,4,3,1
78101796,6,3,2
78105627,8,0,3
78107566,6,3,0
78108066,6,3,0
78111123,4,3,1
78111176,5,3,0
78112650,6,3,0
78117557,6,0,0
78121862,5,3,1
78126336,6,3,0
78136937,4,3,0
78138245,5,3,0
78144546,5,3,1
78145384,6,3,0
78146531,5,3,3
78146840,1,3,0
78162893,4,3,2
78162921,4,4,0
78166860,5,3,0
78166994,4,3,0
78167489,4,3,3
78171437,6,2,2
78180264,0,0,0
78187413,6,0,0
78188897,3,2,0
78194078,3,3,1
78197685,5,3,0
78200142,5,3,0
78206530,4,4,1
78215110,5,3,0
78219253,5,3,0
78219781,4,3,0
78220793,4,3,2
78222735,8,3,0
78223044,4,3,0
78224921,6,0,0
78233036,2,3,2
78235800,5,2,0
78236655,2,3,3
78239200,5,2,0
78242953,5,3,0
78245791,5,0,0
78246273,4,3,0
78252031,8,0,0
78253444,5,2,2
78253531,4,3,0
78257057,3,3,0
78257629,5,3,1
78259007,5,3,0
78260968,5,3,3
78269061,4,3,0
78269286,6,3,0
78272481,5,3,1
78272911,3,3,0
78273538,8,0,0
78278740,5,0,0
78299936,4,3,0
78312436,5,3,0
78325645,7,3,0
78338931,4,3,0
78348070,6,3,0
78363853,3,3,0
78366961,4,3,3
78381470,5,0,0
78393620,5,3,0
78397401,6,0,3
78399743,2,3,0
78407085,7,0,0
78412949,5,3,0
78415457,1,4,0
78417254,3,4,0
78437644,6,2,0
78437939,5,3,2
78438832,6,0,0
78443849,5,3,0
78444481,5,0,0
78444968,5,0,0
78446820,7,3,1
78448027,5,3,0
78449033,4,3,2
78449805,5,3,0
78449988,6,3,1
78450042,5,3,0
78451533,5,3,0
78451867,5,3,0
78455511,5,3,2
78459871,5,3,0
78470634,5,3,1
78473461,7,3,0
78481415,5,3,0
78481915,7,0,0
78483869,5,3,1
78484776,5,3,0
78488200,0,0,0
78489458,5,3,0
78490718,6,0,0
78494365,5,2,0
78495025,4,3,3
78496265,4,3,0
78504495,6,3,0
78511388,10,0,1
78511572,6,3,3
78515982,4,3,0
78520957,5,3,2
78524549,5,3,0
78525201,4,3,0
78529712,2,3,1
78532606,0,0,0
78534194,4,3,0
78552397,5,3,2
78555182,3,3,0
78557197,4,3,0
78561332,8,3,1
78569279,4,3,2
78579113,4,3,1
78584385,5,3,0
78585011,7,3,0
78592686,5,2,2
78600695,2,3,0
78602077,5,3,1
78608232,7,3,0
78610234,5,3,0
78610451,7,3,0
78621504,5,3,1
78622722,3,3,0
78626537,6,0,3
78635414,6,3,2
78638389,6,3,0
78643679,5,3,2
78644776,6,3,1
78647377,6,0,2
78651653,4,3,1
78658957,4,2,1
78659634,6,0,1
78671708,5,3,0
78681068,3,4,0
78689930,4,3,0
78691401,5,3,0
78692133,6,3,0
78696634,5,3,0
78697283,3,2,0
78709945,6,3,0
78717454,7,3,0
78717936,5,3,0
78719456,6,3,0
78721544,8,3,0
78721639,1,4,0
78731271,5,0,0
78741919,5,3,2
78742538,4,3,1
78743788,2,2,0
78746192,5,3,3
78748335,6,3,1
78754202,5,3,2
78762127,6,3,3
78768476,4,3,2
78771187,6,3,3
78776556,5,2,1
78781573,6,3,0
78792644,5,3,1
78792650,2,0,0
78794495,2,3,0
78795578,8,3,1
78809458,4,3,2
78816833,5,3,0
78819469,4,3,2
78819924,5,3,2
78828601,5,3,3
78829029,6,3,0
78837599,6,0,2
78838902,4,3,0
78839546,7,3,0
78842234,5,3,0
78847634,6,3,1
78858519,4,3,1
78865568,4,3,1
78868964,7,0,3
78870851,5,3,0
78870917,9,3,0
78871047,6,3,2
78880818,7,2,0
78885197,5,3,2
78886863,6,0,1
78888391,4,3,0
78892626,9,3,0
78908815,6,3,2
78908946,7,0,1
78909115,5,3,0
78910392,2,3,0
78924524,5,0,0
78930080,4,3,0
78933138,4,3,0
78934429,2,2,0
78940297,5,3,1
78942658,4,3,0
78952973,3,3,0
78956000,7,0,0
78956648,4,3,0
78956989,5,3,2
78958864,7,3,0
78959575,6,3,0
78960912,5,3,0
78961758,5,3,0
78963591,7,3,0
78965943,4,4,0
78968273,8,0,1
78969625,5,3,0
78969782,4,3,0
78981621,7,0,0
78986556,3,3,0
78988509,3,3,0
78989397,4,2,0
79000000,1,4,0
79000539,7,3,2
79000741,5,3,0
79002054,4,3,0
79006976,7,3,0
79016140,5,3,1
79016219,4,3,0
79025339,4,3,0
79025917,4,3,0
79037527,2,3,0
79050775,4,2,1
79052057,4,2,1
79057262,4,3,0
79061031,5,3,1
79073240,6,3,0
79076937,4,3,0
79078989,7,0,1
79101072,4,3,0
79103852,5,3,0
79104813,5,3,0
79105233,5,3,0
79107464,7,3,0
79107774,5,3,0
79118273,5,3,0
79118646,1,3,0
79119383,5,3,0
79123908,4,3,1
79125389,5,3,1
79125767,5,3,0
79131941,6,3,0
79142837,6,3,1
79157333,6,3,0
79158302,1,4,0
79162258,6,3,1
79170492,0,0,3
79183945,5,3,0
79184208,4,3,0
79187727,2,3,0
79188304,6,3,1
79189355,6,3,0
79207561,6,3,3
79225422,5,0,0
79227599,7,3,0
79230374,5,3,0
79233543,1,3,0
79233686,5,3,0
79236641,5,3,1
79237876,5,3,0
79243189,6,0,1
79243372,5,3,0
79244170,6,3,0
79257494,5,3,1
79258455,4,3,0
79258805,5,3,2
79260425,5,3,1
79264000,5,3,0
79270219,6,0,0
79271239,1,3,0
79272764,3,3,3
79277428,4,3,0
79277569,3,3,0
79284447,5,3,0
79285699,6,3,0
79287127,5,3,0
79290625,5,3,0
79295693,6,3,0
79298160,6,3,0
79317055,7,3,1
79317636,2,3,1
79319852,5,3,0
79322407,4,0,1
79331061,4,3,1
79340417,4,3,1
79342066,3,3,1
79343493,4,0,1
79344620,7,3,0
79347410,4,4,0
79347726,5,3,0
79353223,2,3,0
79368686,6,3,3
79372360,6,0,3
79373339,6,3,2
79373761,0,0,0
79374048,5,3,0
79381786,4,3,3
79385312,3,3,0
79388474,6,3,1
79399618,4,2,0
79402112,4,3,0
79402373,5,3,1
79410349,4,3,0
79415247,5,3,0
79417524,3,3,0
79417643,5,3,1
79418759,3,3,2
79419966,6,0,2
79422203,6,0,1
79424085,4,3,0
79432665,3,3,0
79435227,5,3,0
79436476,4,0,1
79444476,3,3,1
79444687,5,0,0
79444742,3,3,0
79450848,6,3,2
79453320,3,3,0
79453469,4,3,3
79455673,5,0,0
79468408,4,3,0
79472343,6,3,1
79473557,5,3,0
79491383,4,3,0
79505112,3,3,1
79513399,3,3,0
79516438,5,3,2
79517133,6,3,1
79521676,7,3,0
79527607,0,0,0
79527660,4,3,0
79528227,4,3,0
79532366,6,3,0
79553009,3,3,2
79555623,4,3,0
79563862,6,0,0
79564036,5,2,0
79568908,7,2,0
79575871,4,3,0
79576683,8,3,0
79579713,6,0,0
79580422,4,2,1
79592197,6,3,0
79596124,5,3,2
79596727,3,3,0
79599381,4,4,1
79600712,6,3,0
79601846,5,3,1
79619146,6,3,0
79623298,4,0,0
79624896,3,3,1
79627431,7,0,0
79629133,7,3,0
79637244,5,3,0
79638561,5,3,0
79641849,5,3,0
79652985,5,3,3
79656916,7,3,0
79663167,5,3,1
79664194,5,3,3
79664688,6,0,0
79673470,5,3,0
79676936,1,3,0
79685817,4,3,1
79706178,2,0,3
79709151,6,3,0
79717658,7,0,1
79718429,4,3,0
79720241,5,3,1
79721760,5,3,3
79722342,4,3,0
79723275,6,0,0
79723903,4,3,0
79724456,5,3,1
79735763,2,3,0
79740031,2,3,3
79742441,2,4,0
79752975,2,3,0
79756509,4,2,0
79759919,4,3,0
79760848,3,3,0
79763408,6,3,0
79765977,5,0,0
79766576,5,3,3
79770163,7,3,0
79778221,5,0,1
79778628,5,2,0
79783760,4,3,0
79790076,4,0,0
79799473,9,0,0
79800967,5,3,0
79803603,2,3,2
79809104,5,3,2
79810862,3,3,0
79813907,0,0,0
79820791,3,3,0
79842599,6,3,0
79842847,0,0,0
79843930,5,3,0
79851559,6,3,0
79854661,7,0,1
79869114,5,3,0
79870983,5,3,1
79872320,4,3,1
79872679,4,3,0
79872937,4,3,1
79873424,5,3,0
79876101,5,3,0
79889269,6,0,0
79901649,7,3,0
79903480,6,3,0
79904202,2,4,0
79906310,4,3,0
79923974,6,3,1
79925294,5,3,0
79927815,4,3,0
79930169,5,2,3
79930631,7,3,0
79943015,1,3,0
79948115,3,3,0
79949307,4,3,1
79949406,5,3,1
79950795,1,3,3
79967352,6,0,0
79973488,5,3,3
79976144,7,0,0
79988417,0,3,0
79989268,4,0,0
80000028,0,0,0
80000053,5,3,0
80000087,7,3,0
80006342,5,3,2
80009005,5,0,0
80011311,4,3,0
80017004,2,3,1
80018122,1,3,0
80019871,0,2,0
80021443,4,2,0
80024460,7,3,3
80025547,6,0,0
80027219,6,3,1
80029415,7,3,0
80029908,2,3,1
80035991,4,3,0
80036491,3,3,0
80037552,5,3,1
80041446,5,3,3
80043335,6,0,0
80055971,6,0,0
80067077,5,3,0
80068298,7,0,0
80075211,3,3,3
80075452,3,3,3
80081092,3,3,2
80094932,6,3,1
80097225,7,0,1
80098472,2,3,0
80110341,4,3,0
80110914,3,3,1
80111393,3,3,1
80112215,4,3,3
80116860,6,3,1
80119293,2,3,0
80123290,4,3,0
80129846,5,3,0
80134250,5,3,0
80153956,8,3,0
80154512,4,3,0
80158438,6,0,1
80160977,5,3,3
80164827,5,3,0
80167660,6,3,0
80179232,4,3,2
80179944,6,2,0
80199678,8,3,1
80202969,6,0,0
80203824,6,0,0
80206289,5,3,0
80206856,5,3,0
80208975,5,3,1
80213863,3,3,0
80214234,5,3,0
80224046,5,3,0
80225507,5,3,0
80236612,4,3,1
80241805,6,3,0
80246274,4,3,1
80262590,7,3,0
80265818,4,3,0
80272890,5,3,2
80279694,5,3,0
80282684,6,3,1
80286856,5,3,0
80287187,6,3,0
80288027,5,3,0
80289450,5,3,1
80293109,4,3,1
80293391,6,3,0
80299024,5,3,0
80302813,3,3,1
80304320,6,3,0
80323404,5,3,1
80324269,7,3,0
80325316,6,3,0
80332203,5,3,1
80332220,6,3,2
80338228,5,3,0
80344806,5,3,0
80346628,3,3,0
80348439,6,0,1
80360812,8,3,0
80364605,3,3,1
80371587,5,3,1
80380546,8,3,0
80382276,5,3,0
80387298,6,3,0
80387452,6,3,0
80388149,5,3,0
80388231,6,0,0
80389013,6,0,3
80391145,5,3,1
80395773,5,3,3
80401609,5,3,0
80409260,5,3,1
80411791,3,0,3
80415107,5,2,0
80420678,3,3,0
80423936,5,3,1
80427895,6,3,0
80429855,6,3,0
80452380,5,3,0
80458864,6,3,2
80459611,5,3,2
80474326,6,0,1
80474816,8,3,0
80476901,4,4,0
80481343,3,3,0
80483864,6,0,1
80485221,8,3,3
80485788,5,2,0
80486581,5,0,3
80492952,5,3,0
80493870,5,3,1
80498779,5,3,1
80498809,5,3,0
80502100,7,3,1
80505444,4,3,0
80506240,7,0,1
80509512,6,3,0
80510028,2,3,1
80525912,5,3,0
80527757,5,3,2
80528345,4,3,0
80530675,5,3,0
80541398,5,3,0
80547349,6,0,3
80548400,5,3,0
80548768,6,3,0
80549920,0,0,0
80550017,6,3,1
80555713,3,3,2
80564367,2,4,3
80566740,7,0,0
80574998,5,3,0
80581847,4,3,3
80586101,1,4,0
80591458,5,3,0
80594676,6,3,1
80599945,6,3,3
80600478,5,3,1
80601805,7,3,0
80607315,5,3,1
80622473,5,0,0
80625598,5,3,0
80627649,5,3,0
80642890,8,0,0
80644609,3,3,0
80664838,6,0,3
80665493,5,3,1
80667011,6,3,0
80668594,6,3,3
80671031,5,3,3
80674981,5,3,2
80676201,5,3,2
80678166,5,3,3
80683536,3,3,1
80683559,7,3,1
80684305,5,3,2
80690890,5,3,0
80694639,8,3,0
80705113,5,3,1
80705492,5,3,0
80710643,0,1,0
80711778,3,3,1
80723359,7,3,1
80730335,7,3,0
80730366,4,3,0
80736332,3,3,0
80738901,5,3,1
80741266,5,3,0
80742195,6,3,0
80745915,6,3,0
80761325,4,3,1
80767172,5,3,0
80773529,5,3,0
80773545,5,0,0
80778502,6,3,1
80780730,3,3,0
80786138,5,3,0
80788572,4,3,1
80794757,4,3,0
80796957,1,2,0
80797140,4,2,0
80801904,5,3,0
80804289,5,3,0
80806246,5,3,1
80808686,6,0,0
80810008,5,3,0
80810067,5,3,0
80811868,5,0,0
80824310,1,3,0
80828240,5,2,0
80829895,5,3,0
80838631,4,3,0
80847301,5,3,1
80848513,4,3,2
80851551,5,3,0
80852197,4,3,2
80852929,6,3,2
80858687,0,0,2
80864759,3,3,1
80866876,8,3,0
80867421,2,3,1
80871742,3,4,0
80878668,3,3,2
80880443,8,0,3
80886969,1,4,0
80889316,6,2,0
80900487,8,3,0
80902320,5,0,0
80913569,5,3,2
80914306,8,0,1
80922715,5,3,0
80928726,3,3,2
80929338,3,3,0
80938138,6,0,0
80939233,7,3,0
80942685,7,3,0
80961551,1,3,1
80964566,3,3,0
80965648,7,0,1
80966465,5,3,1
80968952,5,2,0
80973627,5,3,0
80986206,4,3,2
80987282,6,3,0
80990608,5,3,0
80991629,8,3,0
80992033,6,0,2
80997366,5,3,0
80999872,5,3,0
81004378,3,3,0
81009400,8,3,1
81013847,5,0,0
81021564,6,0,0
81027037,5,2,0
81031471,5,3,0
81036595,5,2,0
81038482,5,3,1
81042009,7,0,0
81042072,6,3,3
81042931,6,3,0
81043449,6,3,0
81057515,4,3,0
81058784,4,3,0
81058819,5,3,0
81060984,5,3,1
81063037,7,3,1
81065132,5,3,3
81066053,5,3,1
81070201,5,2,0
81072351,4,2,0
81077226,0,3,0
81090268,3,0,0
81092192,5,3,0
81099031,4,3,0
81104054,3,3,0
81107658,4,3,2
81117232,6,0,0
81127145,5,3,1
81127352,7,3,0
81134344,5,3,0
81138201,2,3,2
81140858,4,2,0
81143524,4,3,0
81146083,2,3,0
81149371,5,3,0
81154313,5,3,0
81157475,7,3,1
81160932,6,0,1
81169360,5,3,0
81179179,6,3,0
81192251,4,3,0
81195657,2,4,0
81208191,5,0,0
81214031,4,0,1
81220196,5,0,0
81225215,0,0,0
81231825,4,3,0
81234342,6,0,3
81252846,7,2,1
81253081,4,2,1
81253637,5,3,1
81254322,7,3,3
81255578,6,3,2
81257107,2,3,0
81257502,5,3,0
81257979,4,3,0
81262208,4,3,1
81264648,5,3,0
81267398,5,3,0
81271425,3,2,1
81272856,3,3,0
81278582,5,0,0
81290879,4,3,0
81300028,5,2,3
81307064,2,3,1
81312727,3,3,3
81322621,2,3,0
81324684,6,3,0
81346970,4,3,0
81349847,4,3,1
81350311,5,2,1
81355269,6,3,0
81360524,7,3,0
81365817,3,3,3
81366490,4,3,0
81368306,7,3,0
81371614,8,3,1
81373465,2,3,0
81376647,5,3,2
81400295,8,3,0
81400793,4,3,0
81400854,6,3,0
81402470,5,3,1
81411369,5,3,1
81416322,5,3,0
81423274,5,0,0
81425612,3,3,1
81430600,7,3,1
81432530,5,3,0
81433189,3,3,0
81434405,4,3,0
81438098,0,1,0
81443316,3,3,3
81448421,5,3,0
81450069,3,3,3
81459659,6,3,0
81464632,6,3,0
81473527,4,3,1
81478272,2,3,0
81505528,5,3,0
81507528,0,0,0
81511605,6,3,2
81511935,5,3,2
81513394,4,3,0
81521929,4,3,1
81523378,5,3,0
81527152,0,4,0
81528002,6,0,0
81541570,6,3,0
81541847,0,0,0
81559106,2,3,0
81573790,5,3,0
81577905,2,3,0
81579825,7,3,0
81580264,5,3,0
81590410,5,3,0
81596605,7,3,0
81596632,7,3,0
81604880,4,3,0
81606166,5,3,1
81621091,5,3,0
81623147,5,3,1
81624465,5,3,0
81626385,4,3,1
81627383,5,3,0
81634088,0,0,2
81636334,6,3,1
81636933,6,3,0
81641376,5,3,0
81650994,0,0,0
81651778,5,3,2
81653299,6,3,2
81660975,4,3,0
81664137,5,3,0
81669555,5,3,0
81677612,5,3,0
81677850,7,0,2
81681648,6,3,0
81690768,6,3,0
81700584,5,3,1
81707496,5,3,0
81719562,4,3,0
81719901,8,0,0
81726676,1,3,0
81729545,6,3,0
81730547,5,0,0
81736549,6,3,1
81736719,5,3,0
81741868,5,3,0
81743540,2,3,1
81745176,5,3,0
81746523,5,3,0
81747218,5,3,0
81752374,5,3,2
81756137,6,3,0
81766940,5,3,1
81769590,6,0,0
81780853,5,3,0
81783311,2,4,0
81786100,6,2,1
81793943,6,3,1
81796833,6,3,0
81800833,5,3,0
81801164,3,3,1
81801872,0,1,0
81806396,6,3,0
81811634,5,3,0
81812772,6,3,0
81825539,6,3,0
81826085,6,3,0
81827185,6,3,0
81832489,4,3,3
81832644,5,2,1
81858719,3,3,0
81859292,7,0,3
81870249,0,1,0
81876332,6,0,0
81884281,6,2,0
81886880,5,3,0
81888801,5,3,0
81894249,4,0,0
81900871,5,3,0
81902065,5,3,0
81906482,2,3,0
81914081,5,3,1
81918034,7,3,1
81921402,6,3,0
81921442,0,0,0
81921939,4,3,0
81925389,5,3,0
81927600,6,3,0
81928568,6,0,0
81937806,5,3,0
81948359,2,3,0
81950213,4,3,0
81951760,3,2,0
81954194,5,3,3
81967712,5,3,3
81969716,5,3,1
81973921,4,3,2
81974828,6,3,3
81977485,6,3,0
81981688,3,3,0
81988596,5,3,0
81991901,1,3,0
81993664,5,3,0
81994011,6,0,3
81999296,5,3,1
82001231,5,3,0
82004874,5,3,0
82009780,6,3,0
82024151,7,0,1
82025189,4,3,0
82027093,5,3,1
82034347,5,0,2
82044139,3,3,1
82047509,0,0,0
82059181,4,3,0
82070767,5,2,0
82075452,6,0,0
82081969,5,3,1
82083507,3,3,1
82091551,4,4,0
82092049,2,3,1
82096488,7,2,0
82106454,7,3,0
82114927,4,3,0
82115090,2,4,0
82115309,6,3,0
82115334,5,0,0
82117383,3,3,1
82126866,5,3,0
82132557,7,0,0
82132842,5,3,0
82141129,7,3,1
82148535,6,3,2
82160751,7,3,0
82161213,4,3,0
82162528,5,3,3
82165476,6,0,0
82170456,4,3,2
82170476,8,3,1
82179542,6,0,0
82192929,5,3,0
82202453,1,3,0
82202998,6,3,0
82222687,5,3,2
82224622,6,0,0
82225184,5,3,0
82227313,4,3,1
82228542,5,3,0
82242908,3,2,0
82246900,4,3,1
82247999,3,3,0
82249662,3,3,0
82261821,4,3,0
82265906,5,3,0
82272938,1,4,0
82278133,6,3,0
82279554,6,3,0
82281622,3,4,2
82284422,4,3,0
82286576,4,3,3
82286714,4,3,2
82287784,5,3,0
82287934,5,3,1
82294118,6,0,0
82298778,1,4,0
82321639,5,3,0
82324388,5,3,3
82327180,4,3,0
82327878,1,3,0
82328219,5,3,2
82328634,5,3,2
82332507,6,0,3
82334107,3,3,0
82334994,8,0,0
82336596,4,3,1
82336646,4,3,0
82338969,6,3,3
82339836,7,3,0
82349611,6,3,0
82357008,5,4,0
82359810,5,3,0
82359919,5,3,0
82359926,6,3,0
82361614,5,0,0
82365272,3,4,0
82366080,3,3,1
82377773,6,0,0
82383434,4,0,3
82384874,4,3,1
82388488,6,0,1
82398414,3,3,3
82399593,3,3,1
82400772,5,3,3
82406658,3,3,0
82408827,2,3,1
82415192,8,3,0
82419151,2,3,0
82420573,7,3,0
82424464,4,3,0
82425651,4,3,0
82431029,7,3,0
82437909,0,0,3
82440681,4,3,0
82450962,7,3,1
82455705,6,3,0
82455906,6,3,0
82461744,7,0,0
82480265,6,0,1
82480862,7,0,0
82484908,5,3,3
82487178,3,3,0
82492643,5,3,0
82492763,0,2,3
82505543,5,3,0
82506607,1,2,0
82509447,5,3,0
82513910,5,0,3
82518331,3,3,0
82527032,0,1,0
82528566,9,0,0
82533737,4,3,0
82541589,5,3,3
82553095,5,3,0
82567532,5,2,3
82573736,6,3,2
82576278,6,3,0
82577510,4,3,0
82592054,6,3,3
82603290,3,3,0
82607934,5,3,0
82611678,5,3,0
82616000,5,3,0
82622332,5,3,0
82624110,3,3,1
82625068,5,3,1
82635507,5,3,0
82646662,4,3,0
82652593,2,3,0
82657853,3,3,1
82659607,3,3,1
82669576,8,0,3
82672315,5,3,2
82673203,6,0,1
82679222,6,3,0
82679639,6,3,0
82683754,6,3,0
82683990,4,3,1
82693563,4,3,0
82695940,4,3,2
82712170,0,1,0
82726800,6,3,0
82731363,6,0,0
82734277,5,3,1
82749192,6,3,2
82751104,3,3,2
82753812,5,3,0
82756223,2,3,1
82759767,4,3,0
82768609,6,0,0
82776499,5,3,3
82776700,4,2,0
82778366,6,3,0
82779989,3,0,3
82781638,7,0,0
82785170,8,0,0
82785565,4,3,0
82785913,6,3,0
82793525,6,3,0
82796610,3,2,1
82809480,4,3,1
82812191,4,3,0
82822592,6,0,0
82827785,6,3,1
82830552,7,3,0
82836212,7,3,1
82866279,3,2,0
82875281,3,2,1
82885070,0,0,0
82887384,7,0,1
82890234,7,3,0
82890877,6,3,3
82897452,0,1,0
82900174,5,3,3
82901717,5,3,0
82903267,5,3,1
82905457,5,3,1
82912445,5,3,1
82931130,4,3,0
82931515,4,3,0
82935939,8,3,0
82936309,5,3,0
82943189,4,3,0
82956973,6,3,0
82962298,5,3,0
82967164,3,3,1
82970171,4,3,0
82980620,3,3,0
82983216,6,3,2
82988231,7,3,0
82991680,5,3,2
82992317,2,3,0
82995964,5,3,1
82997004,5,0,0
83002174,9,3,1
83004155,5,3,0
83013109,3,3,1
83013332,4,3,0
83014230,5,3,0
83031640,5,3,0
83034578,2,3,2
83041434,5,3,0
83047903,5,3,0
83068877,2,3,2
83069166,7,0,3
83069529,2,3,0
83077154,3,3,0
83090287,6,0,0
83090677,5,3,1
83092829,5,3,0
83097474,3,2,3
83107425,4,3,0
83125144,5,3,0
83129001,3,3,0
83135063,5,3,0
83153468,6,3,0
83164758,6,3,1
83169492,6,3,1
83170530,5,3,0
83172984,5,2,0
83195874,4,3,0
83196020,4,3,3
83203431,7,3,0
83203528,6,0,3
83205379,5,3,0
83205500,5,3,0
83206543,3,3,1
83207387,5,2,1
83224277,7,0,0
83225997,4,0,3
83229721,7,3,0
83238977,7,0,0
83253871,3,3,0
83254521,6,3,0
83259832,3,3,0
83267905,3,3,0
83271210,4,3,0
83277623,3,3,1
83286394,5,3,0
83291594,7,0,1
83294586,4,3,3
83298940,6,3,0
83302544,9,3,0
83303359,5,0,0
83306386,5,3,0
83314498,5,3,0
83323867,10,4,0
83324930,10,3,0
83327998,5,0,3
83329208,5,0,1
83335909,6,3,0
83337031,5,3,3
83340087,5,3,2
83342748,4,3,0
83342882,2,3,3
83344541,5,3,0
83348083,5,3,1
83350453,5,3,2
83356098,6,2,1
83356848,3,3,0
83378636,5,3,3
83380846,5,3,0
83389006,0,1,0
83390395,6,0,1
83398916,4,2,0
83410925,4,3,0
83420569,5,3,2
83421371,5,3,0
83440983,4,3,0
83446266,7,2,0
83448343,6,3,1
83449011,6,3,0
83454372,6,0,1
83454774,6,3,0
83457580,3,3,1
83464034,1,3,0
83473178,5,3,1
83479910,6,3,0
83497938,5,0,0
83511955,4,3,0
83515061,3,3,0
83520565,2,3,2
83531162,6,3,0
83531555,6,3,0
83547439,5,3,1
83551848,6,3,0
83552480,5,3,2
83554757,4,3,0
83558911,6,3,1
83566911,6,3,0
83572540,4,3,0
83586536,6,0,2
83592240,5,0,1
83601483,5,3,0
83602586,5,3,3
83616774,6,3,2
83631258,6,3,3
83648491,6,3,3
83652253,7,3,0
83653641,5,3,0
83657098,0,0,0
83673983,6,0,0
83687628,0,0,0
83695672,6,3,0
83698650,5,3,0
83700851,4,3,0
83703067,3,3,0
83703278,5,3,0
83706224,5,3,0
83707312,4,0,3
83708941,3,4,0
83719158,5,3,1
83724910,4,3,0
83724965,4,2,0
83727485,6,0,0
83727678,2,3,0
83731645,5,3,3
83746094,5,3,2
83756923,6,3,0
83763169,6,3,0
83764334,5,3,0
83764615,5,3,0
83765970,6,0,0
83767264,5,3,0
83785935,6,0,0
83794712,6,0,0
83797492,4,3,0
83798896,7,3,1
83802583,3,2,0
83807120,6,3,0
83824027,6,3,1
83826264,3,3,0
83828912,4,3,2
83830145,3,3,1
83831814,6,0,0
83832630,5,3,1
83833740,4,0,0
83845370,8,3,0
83855923,5,3,1
83858185,4,3,0
83858840,3,3,1
83873805,3,3,0
83873827,4,2,0
83880001,6,0,0
83881600,7,0,0
83893472,5,3,0
83898762,5,3,0
83916391,7,2,0
83918026,3,3,1
83922784,5,3,0
83923662,4,3,2
83924769,4,3,0
83943184,4,3,0
83944118,1,3,0
83947452,5,0,0
83955445,6,3,1
83983713,7,3,0
83985054,4,3,0
83986175,6,3,0
84008542,6,3,3
84010781,6,3,3
84027535,3,3,3
84037933,5,3,0
84052123,5,2,0
84055890,6,0,0
84056190,5,3,0
84056392,6,0,1
84057832,6,3,0
84058317,7,3,0
84070867,5,3,0
84083356,6,0,0
84090272,5,3,0
84092178,6,0,0
84094799,5,0,0
84095510,4,0,1
84115658,6,3,0
84120141,5,2,0
84132996,6,0,0
84133139,4,3,0
84138664,7,3,1
84148060,5,3,2
84160633,3,3,3
84165766,5,3,0
84167410,6,3,0
84181501,0,0,0
84186332,3,3,0
84187299,5,3,0
84198576,4,3,1
84205322,6,0,0
84234918,7,0,0
84238568,5,0,3
84247282,4,3,2
84248199,8,0,0
84277665,4,3,0
84286587,5,3,0
84293874,5,3,0
84303403,4,0,0
84312557,5,3,0
84330334,8,0,0
84330676,4,3,1
84331414,7,0,0
84333165,0,0,0
84347162,0,0,0
84348462,4,3,2
84349896,0,0,0
84350763,5,3,2
84355265,8,3,1
84357143,5,3,0
84360150,3,3,0
84363576,5,3,1
84366139,0,0,0
84374225,1,3,0
84374671,6,3,0
84376393,3,2,1
84392014,5,3,0
84403659,9,3,2
84414442,4,3,0
84416588,5,3,0
84425351,6,0,0
84432075,2,0,2
84436698,5,3,1
84439375,4,2,3
84448381,7,2,1
84449880,0,0,0
84450710,5,0,0
84456158,6,3,0
84458739,4,3,0
84462086,4,3,0
84476235,5,3,0
84483883,3,3,1
84490909,2,4,0
84492434,5,3,0
84496981,3,3,0
84500505,5,3,0
84528051,5,3,1
84528832,5,3,0
84530212,4,3,3
84542007,4,3,0
84548645,5,3,0
84549379,5,2,0
84552510,5,3,0
84552530,3,0,3
84557840,6,3,3
84561518,5,3,1
84576742,6,3,0
84579225,7,2,0
84588253,3,3,0
84590651,1,4,0
84596871,6,3,1
84605374,8,0,1
84605631,7,0,0
84607348,6,3,1
84611323,7,0,0
84617152,6,3,0
84618871,3,3,0
84627471,4,4,0
84627872,7,3,0
84629927,5,3,3
84643135,5,3,0
84654573,8,0,1
84661550,7,3,0
84671736,4,3,0
84672235,2,0,0
84672399,7,3,0
84693848,10,0,0
84708069,5,3,0
84711237,6,3,0
84716003,6,3,2
84718059,2,3,1
84741817,6,3,0
84748368,4,3,0
84760381,6,3,0
84784344,5,3,0
84789115,5,3,1
84789504,4,3,1
84795582,6,3,1
84802527,6,3,0
84832139,6,3,0
84834067,3,3,0
84834205,5,3,0
84847786,10,0,0
84861791,7,3,0
84874613,3,3,0
84877685,7,3,0
84909085,7,3,0
84937142,2,2,0
84939267,5,3,0
84944364,5,3,0
84947555,5,3,0
84968184,4,3,0
84971704,6,0,3
84972256,6,3,3
84973459,6,3,0
84973460,5,3,0
84974539,5,0,0
84975067,5,2,0
84984839,5,3,0
84984883,6,3,0
84998949,3,3,0
85006678,3,3,1
85019037,6,3,0
85024533,5,3,0
85027214,4,3,2
85035696,7,0,3
85039009,3,3,0
85044055,7,3,1
85045791,7,0,0
85062534,5,3,0
85066320,4,3,1
85067260,7,0,1
85069468,7,3,0
85075976,6,3,1
85082705,5,3,0
85086719,7,3,0
85089195,2,3,1
85091502,5,3,1
85094945,1,3,0
85098697,3,3,0
85099546,5,3,0
85109272,8,3,0
85123277,4,3,3
85133860,6,3,0
85140863,4,3,1
85143301,6,3,2
85147360,5,3,0
85152396,5,3,0
85165168,4,3,1
85165449,2,3,0
85171538,6,3,0
85172124,6,3,0
85179632,4,0,3
85180630,7,0,0
85195054,7,3,0
85206982,7,3,0
85207994,4,3,0
85209853,5,0,2
85214347,3,3,3
85219434,4,4,0
85226422,6,0,0
85226979,4,3,0
85227646,7,3,0
85234817,10,0,0
85238108,4,3,1
85243204,5,3,2
85251158,5,3,1
85254291,7,3,0
85254421,5,3,0
85256105,6,3,1
85257263,7,3,0
85257287,6,3,0
85257524,7,4,0
85269345,0,0,3
85272892,7,3,0
85285782,7,0,0
85290904,6,3,1
85293236,6,3,0
85293511,5,3,0
85302512,7,4,1
85316710,4,3,0
85325066,2,3,1
85325322,7,3,2
85346560,6,0,0
85370275,0,0,0
85373492,6,3,3
85381459,4,3,3
85385874,6,3,0
85399121,10,0,3
85400874,4,3,0
85410498,5,3,0
85412112,6,0,2
85414664,5,3,1
85426119,3,3,0
85427740,3,3,1
85468734,5,3,0
85469307,4,3,3
85484815,5,3,0
85488457,5,3,1
85495173,7,0,3
85495301,5,3,1
85496147,4,3,0
85507257,4,2,0
85515757,5,3,1
85519144,6,3,0
85519341,5,3,0
85522540,4,3,0
85524181,6,0,0
85526794,5,3,2
85539584,4,3,1
85543714,7,3,0
85548467,4,3,1
85548653,1,4,0
85549357,9,3,1
85552127,4,3,0
85553623,6,3,0
85573234,5,3,3
85577271,4,2,0
85579475,1,4,0
85594164,4,3,0
85596448,8,0,3
85611595,5,4,1
85613253,5,3,1
85623843,8,0,0
85628496,0,0,3
85631898,7,3,0
85655971,5,3,0
85663871,4,3,0
85663981,4,3,0
85667960,4,0,3
85668627,7,0,0
85670921,5,3,0
85671268,0,3,2
85672179,5,3,0
85676926,6,3,2
85700244,7,3,0
85703343,4,3,0
85708943,5,3,0
85712485,5,3,0
85714205,5,3,1
85714299,4,3,0
85717241,6,3,0
85725321,6,3,0
85726632,1,3,0
85730416,5,3,0
85735113,3,2,0
85737474,5,3,0
85743911,5,0,0
85745119,4,4,2
85756203,5,3,0
85756390,4,3,0
85764531,4,3,3
85768867,6,0,3
85773723,7,3,0
85774199,4,3,1
85783381,3,3,0
85786417,7,0,0
85789067,6,0,3
85790348,5,3,0
85792648,6,3,0
85792956,8,3,0
85818439,5,3,0
85820375,1,4,0
85822756,1,4,0
85830241,5,3,0
85832183,7,3,0
85833915,2,3,1
85844285,5,3,0
85851083,5,3,0
85860222,6,3,0
85864637,4,0,3
85883188,5,3,0
85891010,5,3,2
85898363,4,3,0
85898989,5,3,1
85900977,6,3,0
85908474,8,0,0
85908956,4,3,2
85912438,5,3,1
85928122,4,3,1
85932137,5,0,3
85946361,6,3,2
85950226,6,0,0
85968995,5,2,1
85970877,6,3,1
85972011,3,3,1
85972446,2,3,1
85974507,5,3,0
85978640,5,3,1
85980905,5,3,0
85985596,5,3,0
85990666,6,3,0
85998388,5,3,0
85999874,5,3,1
86006795,4,3,1
86008484,5,3,0
86032047,5,3,1
86038655,5,0,3
86041694,1,3,0
86043826,4,3,0
86047520,5,3,0
86061484,7,3,1
86067150,6,3,0
86069510,5,3,0
86076275,4,3,1
86080931,3,3,0
86087760,5,3,3
86099475,5,3,1
86100760,6,3,1
86101977,5,3,0
86110598,4,3,0
86113229,6,3,1
86117233,4,0,1
86121465,2,3,3
86122492,6,3,0
86123121,5,3,0
86123170,1,2,0
86127090,4,3,3
86128042,5,3,1
86138906,5,2,0
86147134,8,0,0
86158794,6,3,0
86166184,6,3,0
86166467,5,3,1
86177226,5,0,1
86178332,5,3,1
86185685,6,3,0
86216068,4,3,3
86217857,2,3,0
86228565,5,2,0
86229592,6,0,3
86229766,4,3,1
86229875,2,3,1
86234730,6,3,0
86240219,5,3,0
86240824,3,3,0
86242180,5,3,1
86251864,5,3,2
86260534,5,3,0
86267953,5,3,0
86281100,7,0,0
86282504,4,3,1
86291807,6,3,2
86292939,5,2,1
86293028,2,3,1
86293083,1,2,0
86300402,5,3,0
86314243,6,3,1
86317831,5,0,0
86327675,3,3,0
86330367,3,3,1
86332230,6,3,1
86364085,5,3,0
86369997,6,3,0
86371202,5,3,1
86372227,3,3,0
86374124,5,3,0
86385761,3,3,0
86391135,5,2,1
86406357,6,2,1
86410761,7,0,1
86418052,5,2,1
86418178,6,2,1
86418429,7,0,3
86427782,5,3,0
86438742,8,0,1
86443533,5,3,2
86447366,4,3,0
86461165,5,2,0
86462263,3,3,1
86469783,4,2,2
86469803,4,3,3
86488788,5,3,0
86492913,5,3,1
86493365,1,3,0
86506115,5,3,1
86506640,10,4,0
86512793,7,3,2
86512879,6,3,1
86517581,8,3,0
86524006,6,3,0
86527769,3,3,0
86532584,6,3,1
86547885,5,3,0
86566988,0,0,1
86571151,6,3,1
86582643,6,3,1
86594782,5,0,1
86594943,4,3,0
86596386,5,3,0
86598876,7,3,0
86633504,6,2,1
86641656,5,3,0
86642308,3,2,0
86647534,6,3,0
86653342,5,3,0
86659059,5,3,2
86662918,5,3,1
86665339,5,0,0
86669635,5,3,1
86669752,6,0,1
86673549,5,3,0
86687047,7,3,1
86688290,5,3,1
86691553,5,3,0
86693053,3,3,1
86699334,5,3,1
86710425,7,3,0
86713575,3,3,0
86715345,5,3,2
86715506,5,2,0
86718282,4,3,1
86723669,6,0,0
86734474,4,3,0
86742812,6,3,0
86750296,3,3,0
86751773,6,3,0
86754021,1,4,0
86756018,6,3,0
86761988,5,3,1
86768109,6,0,3
86771412,5,3,0
86771711,1,3,0
86782381,4,0,1
86798389,6,0,0
86803784,5,3,2
86816597,5,3,0
86820351,5,3,0
86827722,3,3,2
86837001,8,3,0
86840224,3,2,1
86850259,4,3,1
86851590,4,3,0
86858019,6,3,0
86862551,6,0,0
86866572,5,3,0
86873600,6,0,3
86883526,5,3,0
86883732,6,3,1
86891443,6,0,1
86894176,7,3,1
86904149,0,3,2
86905825,4,3,0
86910106,9,3,0
86916116,5,2,0
86923706,6,3,2
86929245,4,3,0
86934229,4,3,0
86939590,2,2,2
86954130,6,3,0
86960631,0,0,3
86973968,7,3,0
86975565,3,2,0
86978933,0,0,0
86980509,7,0,3
86985961,3,2,0
86990802,5,3,0
86992294,5,3,0
86995190,5,2,0
86998656,7,0,3
87001622,5,0,0
87004655,5,0,0
87030498,5,3,1
87037302,6,3,0
87044715,5,3,2
87057957,6,3,3
87061190,6,3,1
87065237,5,3,3
87066257,4,3,1
87066655,2,3,0
87068319,3,3,1
87073913,2,3,0
87081152,5,3,0
87084899,5,3,3
87093647,1,3,0
87095227,5,2,1
87095257,5,3,1
87097054,0,3,0
87102241,6,3,1
87104963,5,3,1
87107026,6,3,1
87115571,8,3,0
87117177,3,3,1
87120878,5,3,0
87124896,6,3,1
87137533,0,0,3
87137700,4,3,2
87139156,7,3,0
87139170,6,3,1
87140794,6,3,0
87149577,4,3,0
87168325,7,3,0
87169309,5,3,1
87170096,7,3,0
87181474,5,2,3
87189074,5,3,0
87192830,5,3,0
87195927,5,3,0
87201109,6,3,0
87202230,5,3,1
87203031,6,3,0
87205018,4,3,3
87205767,7,0,0
87205914,3,3,3
87208718,5,3,1
87210189,5,3,0
87214817,6,3,1
87217684,5,3,0
87225449,5,3,1
87232230,7,3,1
87232624,7,3,0
87236826,2,3,0
87239966,6,3,0
87244270,8,3,0
87250634,5,2,0
87257131,0,1,0
87279809,5,0,0
87281501,6,3,1
87292147,5,3,1
87297448,5,3,1
87300907,1,4,0
87304506,3,3,3
87305352,6,0,0
87305687,5,3,0
87306531,6,3,3
87307101,8,3,0
87307425,3,3,0
87308674,2,3,0
87311485,6,3,0
87314342,3,3,0
87319358,6,3,0
87320366,4,3,0
87322188,0,0,0
87323423,4,3,3
87331792,5,3,0
87338911,7,3,0
87339996,5,3,0
87342516,4,3,2
87344206,6,3,0
87346665,5,3,0
87354592,4,4,0
87362786,5,2,0
87363314,5,3,0
87374235,6,3,0
87377718,5,3,0
87378422,5,3,1
87378776,4,3,0
87382004,0,0,0
87382500,5,3,0
87384668,5,3,0
87387171,6,0,1
87394750,7,0,0
87398754,5,0,0
87424453,6,3,0
87426422,4,3,0
87433944,6,3,0
87448655,6,3,0
87457279,5,3,0
87474403,7,3,0
87475730,7,3,1
87487058,3,3,0
87497091,7,0,0
87515735,3,3,0
87520323,6,3,0
87521397,6,3,0
87521440,4,2,0
87529801,5,3,0
87532049,6,3,1
87549347,6,0,3
87549498,5,3,2
87550411,7,4,1
87556673,6,3,1
87571407,7,3,0
87584219,5,3,0
87593981,3,3,0
87603467,2,2,1
87605063,4,3,1
87608134,5,3,1
87617749,7,0,0
87619962,6,3,0
87620672,8,3,0
87622886,5,3,0
87626269,5,3,0
87638078,0,0,0
87638466,4,3,0
87640664,5,3,0
87645391,4,3,0
87651268,6,3,0
87652299,8,0,1
87654683,6,3,0
87671122,5,3,0
87695127,4,3,0
87698288,5,3,0
87708328,7,3,0
87712219,5,3,0
87715420,5,3,0
87738574,6,0,2
87751288,4,3,0
87762211,7,3,0
87762474,4,0,0
87762500,6,2,0
87764053,5,3,0
87767516,4,3,0
87768757,4,3,2
87777549,6,3,1
87788591,3,4,0
87791967,4,3,1
87793425,7,3,0
87795436,7,3,0
87795901,4,3,0
87795927,6,3,0
87796182,8,0,0
87827934,7,0,0
87832230,0,0,0
87832556,6,3,0
87838749,5,3,2
87841410,5,0,3
87848673,1,3,1
87865712,5,3,0
87869569,7,0,0
87870691,5,3,3
87892198,6,0,1
87893249,5,2,2
87894003,6,3,0
87897311,5,3,0
87898830,5,3,0
87900895,4,3,0
87903653,5,3,1
87907218,3,3,0
87925595,0,0,0
87960967,3,3,2
87965348,6,3,0
87979017,7,3,0
87980977,5,2,1
87988491,0,0,3
87989468,3,2,0
87989674,8,0,1
87995100,6,3,0
87998825,5,3,0
88000913,7,3,2
88011027,6,3,0
88012145,7,3,0
88014623,5,3,1
88022936,2,3,0
88023177,4,3,0
88027816,5,3,1
88028546,5,3,1
88037496,5,3,0
88056688,5,3,0
88060793,2,3,0
88067512,5,3,3
88068070,1,3,0
88073313,7,3,2
88092462,7,3,0
88101336,4,3,0
88103903,7,2,0
88111190,7,3,0
88111488,5,0,0
88114535,5,3,3
88115311,5,3,3
88124070,5,3,1
88125570,3,3,0
88128870,4,3,0
88132091,5,2,0
88139555,5,3,0
88139559,6,3,0
88140201,5,3,0
88143885,6,4,0
88166584,7,2,0
88173080,5,3,2
88173900,5,3,0
88174634,6,0,0
88188959,6,3,0
88190051,5,3,0
88193846,5,3,0
88195693,5,3,0
88195786,3,3,2
88196267,3,3,1
88204286,6,4,0
88219539,6,0,0
88229363,5,2,0
88230269,5,3,1
88232356,1,3,0
88241718,5,3,1
88254899,6,3,1
88259942,0,2,0
88260290,8,3,0
88266256,5,3,2
88273269,7,0,0
88278245,3,3,0
88284787,1,3,0
88290192,4,2,0
88294816,5,3,0
88297904,8,3,0
88308277,5,2,3
88321859,8,3,1
88329895,8,3,0
88329896,8,3,0
88345472,7,3,1
88361377,6,3,0
88362640,4,3,0
88375938,8,0,0
88380443,7,3,1
88381076,6,0,1
88382897,4,3,0
88386517,5,3,0
88388141,3,3,1
88389665,5,3,2
88398031,3,3,1
88406789,6,3,2
88411531,6,3,1
88416236,5,2,0
88417087,5,3,0
88430684,3,3,0
88437137,3,3,0
88437441,6,3,0
88439843,7,3,1
88440557,5,3,0
88443060,3,2,0
88444739,3,4,1
88446027,3,3,0
88455136,8,3,1
88460829,4,3,0
88480987,7,3,0
88481713,5,3,0
88482028,1,3,1
88487961,7,0,0
88495715,0,4,0
88497103,8,3,1
88500044,5,3,2
88500687,8,3,0
88533510,7,2,0
88534434,7,3,3
88536908,5,3,0
88540290,5,3,0
88540621,6,3,0
88544757,7,3,2
88547532,4,3,0
88548413,7,3,1
88556701,0,3,0
88562080,2,3,2
88562929,5,3,0
88563701,5,0,2
88568827,4,3,0
88576028,0,0,0
88578124,3,0,0
88588822,6,0,0
88589238,6,3,0
88589742,6,0,0
88592733,6,3,2
88592989,6,3,1
88594502,2,3,3
88595914,5,3,0
88597393,5,3,0
88600257,7,0,0
88604739,6,3,0
88607284,4,2,3
88609554,5,3,2
88615269,5,4,0
88615520,4,3,0
88617999,7,0,0
88622689,5,3,1
88631738,5,3,0
88644851,5,2,0
88645345,3,3,0
88657435,5,3,3
88664499,5,3,0
88671759,7,0,3
88673433,7,3,2
88674459,8,3,0
88676879,3,0,0
88680860,4,3,0
88682341,6,3,0
88697181,4,3,0
88711921,6,3,1
88712897,0,0,3
88714732,2,2,1
88738179,6,3,0
88741574,7,2,1
88751590,5,3,1
88751620,6,3,0
88752724,8,2,0
88760406,5,3,0
88774560,4,2,0
88775556,6,4,0
88779114,6,3,0
88779962,6,3,2
88794001,6,3,0
88801795,3,3,0
88803785,5,3,1
88810143,6,0,3
88813239,5,3,3
88831402,8,3,0
88831683,5,3,0
88833087,6,3,0
88833187,5,3,1
88847516,5,3,2
88853513,4,3,0
88862682,7,3,0
88864966,6,3,0
88865315,4,3,0
88866748,5,3,1
88868183,6,3,0
88869177,3,3,2
88870181,6,3,0
88871476,5,3,0
88875079,4,3,0
88878102,5,3,0
88886551,5,0,3
88896241,6,0,0
88904725,5,4,1
88934891,5,3,1
88954551,5,3,1
88957695,5,3,0
88960422,7,0,0
88960661,5,3,0
88964509,7,0,0
88966854,5,3,0
88967764,5,3,1
88968075,5,0,0
88980754,1,3,0
88982199,7,3,2
88982532,2,4,0
88983275,6,0,0
88989067,3,3,0
88991003,8,0,0
88999143,0,0,3
89010964,3,3,2
89015005,6,0,3
89015642,6,3,1
89016940,4,3,0
89017428,3,3,1
89019471,7,3,1
89023008,3,3,0
89024269,5,2,0
89030772,5,3,0
89032211,4,3,0
89038600,0,0,2
89041620,3,3,2
89047945,6,2,0
89055680,5,3,2
89078881,6,3,0
89086255,8,3,0
89089395,8,3,0
89099005,5,3,0
89103374,6,3,3
89116177,6,3,1
89117270,4,3,0
89122609,5,3,0
89127290,0,0,3
89127927,4,2,1
89140813,8,3,0
89146608,5,3,0
89152538,6,0,0
89153841,1,4,0
89163286,5,2,0
89165372,8,3,0
89169718,6,3,1
89169950,6,0,0
89177153,4,2,0
89182399,4,0,0
89187523,5,0,0
89192083,5,3,0
89195930,3,3,0
89196280,5,3,1
89202998,3,0,0
89205431,6,3,1
89207271,7,0,0
89210309,2,0,0
89219222,4,3,0
89221158,7,0,3
89233761,5,3,0
89240649,0,0,3
89245115,7,3,3
89245215,0,0,0
89258322,5,3,0
89266839,1,3,0
89269587,0,0,0
89269745,3,2,1
89269818,6,3,1
89290884,6,3,0
89300723,4,3,1
89306779,7,3,3
89309410,7,0,0
89312406,6,3,1
89317998,6,0,0
89321595,5,3,0
89322659,7,3,0
89324239,6,3,0
89327632,6,3,0
89329984,6,3,1
89340011,5,0,0
89341905,8,0,0
89344510,3,3,0
89357078,6,3,0
89357684,8,0,1
89358930,5,2,0
89364620,6,3,0
89365138,8,2,0
89365194,4,3,0
89379924,3,3,0
89381104,5,3,0
89381320,5,3,2
89388501,6,3,0
89405646,7,3,1
89408184,5,0,0
89413344,2,3,0
89425454,6,3,2
89432411,4,3,2
89437776,7,3,0
89442345,5,3,0
89445698,8,0,0
89461092,5,3,0
89462293,8,0,3
89464542,3,3,0
89465157,5,3,0
89471341,3,3,1
89472919,6,3,0
89475251,5,3,0
89478814,1,3,3
89485230,6,0,0
89488962,5,3,2
89489572,5,3,0
89490283,3,3,0
89495156,2,3,0
89504102,7,3,0
89505903,6,3,0
89513318,5,3,0
89515955,6,3,0
89517760,5,2,1
89521875,3,3,0
89528502,5,3,1
89543047,5,3,0
89543756,5,3,0
89544825,5,3,1
89552813,7,0,1
89553168,5,3,1
89573553,6,3,0
89579268,6,0,0
89582180,5,3,0
89603190,4,3,1
89613187,4,3,3
89613914,6,3,2
89627080,2,3,0
89632819,5,3,0
89643740,3,3,0
89648904,0,0,0
89652517,3,3,1
89652967,3,3,1
89659261,5,3,3
89668150,5,3,1
89670088,5,3,1
89672061,7,3,2
89679207,5,0,2
89689373,6,3,0
89690584,7,3,0
89690941,5,3,2
89694296,4,3,3
89697420,3,3,0
89713086,6,3,0
89715121,7,3,2
89716288,7,3,0
89717065,7,0,0
89717068,7,0,1
89722441,7,0,0
89723131,3,2,0
89739385,2,3,1
89742271,5,3,0
89755859,4,3,0
89757451,5,3,0
89759410,4,2,1
89762355,6,3,3
89776420,7,3,2
89776636,0,0,3
89778667,4,3,1
89783515,7,0,2
89788157,4,3,0
89795652,5,3,0
89809509,0,1,0
89820584,6,3,0
89822879,6,3,0
89825940,7,0,1
89831809,0,1,0
89841555,7,0,1
89851442,8,3,0
89855933,7,3,0
89856094,7,0,0
89857994,5,3,2
89860946,0,0,3
89874112,6,3,1
89886002,9,2,1
89887641,0,1,0
89896981,6,0,0
89898444,7,3,1
89920168,5,3,1
89928711,4,3,0
89929356,5,3,0
89939180,5,2,0
89950477,5,0,3
89951932,7,2,0
89954564,4,3,0
89957104,5,3,0
89961490,9,3,0
89961614,7,3,0
89965835,0,1,1
89970362,7,2,0
89977676,7,3,0
89977780,5,2,1
89979355,4,3,2
89979935,6,2,0
89982270,6,0,0
89994872,0,0,3
89996202,4,3,1
89999516,6,0,1
90000000,0,0,0
90000094,6,3,0
90005262,3,3,0
90006338,5,3,0
90006665,6,3,0
90009335,3,2,1
90010805,0,1,0
90016759,6,3,0
90020747,5,0,0
90022933,6,3,0
90030900,0,0,0
90032304,0,0,0
90037421,8,0,1
90039620,7,0,0
90042088,8,0,0
90044559,3,3,3
90045747,1,3,0
90055620,0,0,0
90057693,0,0,0
90058096,4,3,0
90058663,3,3,0
90059973,5,0,0
90066758,8,3,2
90076077,6,0,0
90079681,3,3,1
90085131,3,3,0
90095281,3,3,0
90101220,3,3,2
90112558,6,3,0
90117883,5,3,0
90120550,4,3,1
90125489,5,3,2
90125685,6,3,1
90127804,5,3,0
90131200,5,3,0
90131320,7,0,1
90134890,3,3,0
90139329,8,0,0
90140635,5,3,3
90141891,5,0,2
90142056,3,3,1
90156766,0,0,0
90159864,4,3,0
90169994,6,3,3
90172661,4,3,0
90175339,4,3,3
90178763,8,3,0
90190530,6,3,1
90194012,4,3,2
90197795,0,3,1
90198737,6,0,3
90203829,4,0,0
90206397,5,2,0
90217266,6,3,0
90219247,5,3,0
90220085,5,3,1
90220546,5,3,0
90220744,5,3,1
90229090,6,0,0
90237310,7,3,1
90243995,6,3,0
90247608,3,3,0
90249213,4,2,0
90251922,10,4,1
90252388,6,3,0
90255032,5,3,0
90255194,5,3,2
90255450,6,0,3
90258664,6,0,0
90266478,4,3,0
90268837,8,0,0
90269831,7,3,0
90270495,7,2,0
90275105,6,3,0
90276598,5,3,0
90279882,6,2,0
90283740,5,3,0
90284544,7,3,0
90285277,7,3,0
90285479,6,3,0
90286556,7,3,0
90288845,6,3,1
90291670,7,3,0
90294626,6,3,0
90295174,5,3,1
90295775,4,2,0
90297342,8,0,3
90304918,2,0,1
90305242,5,3,0
90309414,6,0,0
90311595,6,3,0
90311798,7,3,2
90313787,5,2,0
90314521,5,3,0
90314566,3,3,0
90327032,0,1,0
90332745,5,2,2
90335054,4,3,0
90337269,4,3,0
90342718,4,3,0
90350800,6,2,1
90354290,8,3,0
90359400,3,2,1
90365295,7,3,0
90367270,6,3,0
90368477,5,2,2
90370887,6,2,0
90371650,7,2,3
90375298,6,3,0
90395111,7,0,0
90398233,5,0,0
90402827,5,2,0
90403778,6,3,0
90418399,7,3,1
90420986,6,3,1
90424924,5,3,0
90426076,3,3,0
90429177,3,2,0
90431060,3,3,0
90431333,6,3,1
90433978,0,0,1
90444651,5,3,0
90445242,3,3,0
90452002,0,0,0
90454141,5,3,0
90454523,6,0,0
90454567,7,3,0
90454680,7,0,3
90456438,1,4,0
90459731,7,3,0
90463907,7,3,0
90470913,0,0,0
90471222,8,3,0
90474224,5,3,0
90475136,4,3,0
90475597,8,4,0
90475633,7,3,1
90475659,4,4,0
90478297,3,3,0
90483831,4,3,2
90486048,4,3,0
90487977,5,3,0
90488816,6,3,1
90490849,8,0,0
90497434,5,3,0
90499611,6,3,2
90502593,7,3,0
90506247,2,0,0
90507461,5,3,0
90515465,5,3,1
90519474,6,0,0
90523485,8,3,0
90523787,7,3,0
90526184,4,3,0
90529263,6,3,0
90547476,5,3,2
90550935,7,0,1
90552211,7,3,0
90564640,6,3,0
90574456,5,0,0
90581732,6,3,0
90589409,4,3,0
90591822,5,3,0
90599755,7,3,0
90601741,8,2,0
90602575,3,3,0
90606050,3,3,3
90606211,5,3,0
90607360,0,2,1
90610236,5,3,1
90612222,8,3,1
90617968,7,0,0
90619967,6,0,0
90624147,5,3,0
90625789,6,0,0
90625993,6,3,0
90629380,6,3,1
90632545,0,0,0
90633056,5,3,0
90634531,4,3,0
90637840,2,3,0
90638365,4,3,0
90644642,4,3,1
90644818,0,0,0
90645788,4,3,0
90647796,5,3,0
90650101,0,0,3
90650312,5,0,2
90654571,6,3,0
90668406,5,3,0
90672099,5,0,0
90674439,4,2,0
90681079,6,3,0
90681386,5,0,0
90696589,6,0,3
90697658,1,4,0
90712198,4,3,1
90712500,5,3,1
90719411,6,3,1
90734979,5,3,0
90735222,0,3,0
90735379,5,2,3
90740764,0,0,3
90747572,0,0,2
90748248,1,4,0
90748282,5,3,0
90750040,4,3,0
90751335,4,0,1
90752108,6,0,3
90752167,0,0,0
90752263,2,3,0
90755752,8,0,2
90760309,1,4,0
90764378,5,3,3
90769434,3,3,3
90771665,10,0,3
90773799,5,3,3
90774458,4,3,3
90775515,5,3,0
90784704,2,3,0
90785044,2,3,0
90788868,3,3,0
90790305,7,3,0
90790901,7,3,1
90802258,3,3,0
90804141,7,0,0
90810204,4,3,3
90811855,4,3,0
90812996,6,0,3
90823243,4,3,1
90852101,6,3,1
90862065,3,3,0
90863805,5,3,0
90873009,8,0,0
90876098,6,3,1
90877089,7,0,1
90883823,5,3,0
90888140,5,3,0
90892829,1,3,0
90895428,5,3,0
90896296,4,3,0
90906490,2,3,1
90909652,5,0,0
90909721,5,3,1
90917548,3,3,0
90923121,6,3,0
90933381,3,3,0
90939504,7,0,2
90944731,4,3,1
90946132,3,3,1
90960196,3,3,0
90960310,5,0,3
90962914,6,3,0
90971819,8,3,2
90980402,6,3,0
90983232,6,2,0
90984714,6,3,0
90984843,5,3,1
90994090,2,3,0
90995546,6,3,0
91001000,3,3,1
91006484,5,3,0
91018078,7,0,1
91028911,1,3,0
91032836,6,3,0
91043022,5,3,0
91043356,3,3,0
91044713,6,3,3
91050622,6,3,1
91052180,4,3,2
91056472,4,3,0
91056561,5,2,0
91058860,6,3,0
91059873,4,3,0
91076862,5,3,0
91082685,5,3,1
91084628,7,3,0
91097538,5,3,0
91098645,5,3,1
91100337,4,3,1
91101257,5,3,0
91107584,4,3,0
91119173,3,3,0
91119596,4,3,1
91120439,2,3,1
91125949,5,3,3
91126974,3,3,1
91136225,4,2,0
91143999,5,0,0
91144689,6,3,0
91147475,6,3,0
91148138,5,2,0
91155861,6,0,0
91159617,6,3,0
91166300,7,0,2
91171419,5,3,2
91174245,2,3,0
91176170,1,3,0
91178763,1,4,0
91181246,5,4,0
91187484,6,3,0
91201254,5,3,0
91207002,5,3,0
91207286,6,3,0
91210186,6,3,0
91221431,5,3,0
91224746,1,3,0
91228641,7,3,0
91232599,2,3,3
91235841,7,0,0
91239721,5,3,2
91245783,7,0,3
91249185,4,2,0
91256082,5,3,0
91256297,3,3,0
91259496,5,3,0
91260329,4,3,0
91262612,7,3,0
91268978,6,3,0
91272238,5,3,0
91276455,7,2,1
91277872,4,3,0
91279936,5,3,0
91282921,5,2,1
91285178,6,3,1
91291258,2,3,2
91292836,4,3,0
91293257,7,2,0
91299403,1,3,0
91305507,6,3,0
91314126,7,0,2
91314669,5,2,1
91336058,8,3,0
91336551,6,3,0
91337571,4,0,1
91339673,7,0,0
91339794,5,3,0
91343212,2,3,0
91357556,6,3,1
91364115,3,3,2
91367490,7,2,0
91373045,6,3,3
91374187,6,3,0
91376661,5,3,0
91380905,9,3,0
91385417,3,3,3
91386076,4,3,0
91387637,6,3,0
91391822,3,3,2
91400328,6,3,0
91403710,6,3,2
91417111,5,3,2
91417118,7,2,1
91418297,3,3,1
91438845,6,0,0
91440624,6,3,1
91446648,5,3,0
91448907,0,0,1
91451368,3,3,0
91459928,9,3,0
91461994,0,0,0
91489916,0,0,0
91489978,4,3,2
91490600,6,2,3
91499900,4,3,3
91501409,4,3,1
91527045,6,3,0
91528941,7,0,0
91530164,5,3,0
91530422,0,3,0
91530858,3,3,0
91532637,4,3,0
91535206,3,3,1
91536024,4,3,0
91540137,6,3,0
91549607,0,2,0
91554737,4,3,1
91555908,6,3,2
91558157,4,2,2
91560237,5,3,0
91560239,6,3,2
91562260,5,3,0
91562457,7,3,0
91565636,5,2,0
91568009,1,3,0
91582224,3,3,3
91585550,5,2,1
91586738,6,3,0
91587854,0,0,0
91596544,4,3,2
91635978,5,3,0
91636376,0,3,1
91640059,6,2,0
91660888,6,3,0
91667925,5,2,2
91668410,4,2,1
91673486,6,3,0
91678666,7,3,0
91687434,6,3,2
91688671,0,3,2
91696494,4,3,1
91698864,5,3,0
91706239,5,3,1
91706311,6,2,0
91706661,7,3,1
91707087,5,3,2
91707480,0,0,3
91707733,5,3,0
91720415,5,2,0
91723194,5,3,0
91730302,6,2,0
91733723,5,3,0
91734749,3,2,0
91749965,7,3,0
91752314,5,3,0
91758443,0,1,0
91759072,2,3,1
91769999,3,3,2
91771814,4,3,0
91781177,6,3,0
91784254,6,3,0
91790588,6,0,0
91794717,6,3,2
91798226,6,0,2
91811039,5,3,1
91811353,8,3,0
91812676,5,0,0
91815588,7,3,0
91819078,6,3,0
91835302,5,3,1
91840692,5,3,1
91844062,5,3,0
91847641,4,3,0
91851106,5,2,0
91857138,0,0,3
91867268,5,3,0
91877637,6,0,0
91883659,4,3,0
91888613,8,0,0
91893984,6,3,0
91895435,5,3,0
91902853,7,0,3
91912278,6,3,0
91918016,3,3,0
91919655,5,3,0
91928466,5,3,1
91929602,5,2,0
91938734,5,3,0
91938818,4,3,0
91957340,5,3,1
91958777,0,3,2
91959738,0,1,0
91963814,6,2,0
91967001,5,3,0
91967003,8,3,1
91973370,2,3,0
91975731,6,0,1
91978807,4,2,0
91979343,4,3,1
91990416,4,3,1
91990451,5,3,0
92010376,4,3,0
92020770,7,0,0
92022368,3,3,1
92025829,7,0,0
92030970,6,3,0
92040732,5,3,2
92040865,6,3,0
92061061,2,3,2
92061133,6,3,0
92064483,5,3,0
92065831,6,3,1
92066240,0,0,0
92066436,5,3,0
92080246,2,2,1
92094379,5,2,0
92095372,4,3,0
92116823,4,3,1
92117578,5,3,0
92122226,5,3,1
92124398,7,2,1
92125113,6,0,2
92130994,6,0,0
92131564,5,3,0
92139209,6,3,0
92149907,9,3,0
92152290,2,3,3
92152961,3,3,0
92153930,5,3,0
92165641,4,3,0
92172375,0,2,1
92174815,4,2,0
92176101,6,3,2
92176855,7,3,1
92186968,5,3,0
92191459,6,2,1
92193641,6,3,0
92201971,0,0,0
92202395,3,3,1
92203587,4,3,0
92212642,4,3,0
92219080,5,3,1
92223332,5,3,0
92226850,5,3,0
92226897,0,0,1
92237673,7,3,0
92239549,1,3,0
92243643,6,0,3
92243671,5,3,0
92245417,5,3,2
92253367,6,3,0
92254078,6,3,0
92254631,5,0,1
92257447,3,3,1
92260757,1,3,0
92266228,6,3,1
92267003,5,3,1
92277901,7,0,3
92278992,5,4,0
92282169,5,3,0
92292139,6,0,0
92292854,2,3,0
92294971,5,3,1
92299344,4,3,0
92299411,5,0,1
92302072,3,3,2
92305443,5,2,2
92306694,6,3,0
92311228,5,3,0
92320830,5,3,1
92331563,5,3,0
92331641,0,0,3
92352335,5,3,0
92359854,3,3,0
92361913,4,3,1
92383478,0,3,2
92384764,6,3,2
92388466,3,4,0
92390567,7,3,0
92399205,5,3,2
92401018,5,3,1
92407476,6,3,0
92426420,5,0,0
92432710,4,3,2
92434102,5,3,2
92445166,6,0,2
92445489,6,3,1
92448367,7,0,3
92448751,4,3,1
92450657,7,3,0
92453252,5,2,1
92455636,4,3,3
92456247,4,3,1
92460775,6,0,1
92461083,6,3,1
92461204,6,0,3
92473901,4,3,0
92475742,5,3,0
92475781,5,3,0
92476561,5,3,0
92486755,5,3,0
92496197,5,3,0
92497056,5,3,1
92497389,4,2,0
92499145,6,3,1
92500424,3,3,2
92500600,6,3,2
92510986,7,0,3
92514670,7,3,0
92515635,5,3,3
92520168,7,0,0
92523359,5,3,0
92525034,5,0,0
92527233,5,0,1
92537636,5,3,0
92543345,8,3,0
92544259,6,3,1
92547784,5,3,1
92547789,6,3,3
92550488,7,3,0
92553677,5,3,1
92555035,3,3,0
92557014,4,3,0
92566738,0,0,0
92569283,5,3,0
92571114,6,2,0
92577508,0,3,0
92578944,4,2,1
92586006,6,2,0
92592066,5,3,2
92596726,6,3,3
92600462,5,3,0
92606277,4,3,0
92623097,6,0,0
92630788,4,3,0
92631163,4,3,1
92631355,2,3,0
92639445,7,3,0
92639585,3,3,0
92642451,3,2,2
92647538,4,4,0
92651873,6,3,0
92653888,7,0,1
92655261,6,3,0
92656120,6,3,0
92658012,3,3,0
92658426,6,3,0
92658565,0,0,0
92659272,6,0,2
92659803,0,0,0
92660296,4,3,0
92665746,5,3,0
92669298,6,3,0
92673193,7,0,0
92673992,5,3,0
92702882,6,3,0
92709186,6,3,0
92710129,6,0,3
92710523,1,3,0
92714272,5,3,0
92715710,6,3,0
92720880,0,3,0
92722040,6,3,0
92722056,7,2,1
92726334,5,3,0
92727854,0,1,0
92734342,5,3,0
92745147,6,3,0
92745350,6,3,0
92750726,7,0,0
92752932,7,3,0
92754566,10,3,0
92755497,5,3,0
92765049,2,3,1
92768637,0,1,0
92771565,6,3,0
92777283,6,3,1
92778412,5,3,0
92780516,6,3,0
92781204,5,0,0
92785572,4,3,2
92787052,5,3,1
92800978,7,3,0
92802058,5,3,0
92804912,6,3,0
92806370,5,3,0
92809510,4,3,0
92812191,6,3,0
92813911,7,0,0
92818110,4,3,0
92819954,6,3,2
92820285,7,0,0
92835400,7,3,1
92836357,5,3,0
92841662,7,3,1
92849603,5,3,1
92860241,8,2,0
92871407,6,2,0
92880221,8,3,0
92902346,6,3,0
92905488,6,3,0
92918299,4,3,0
92927896,6,3,0
92928395,0,0,0
92934852,5,3,0
92947658,0,0,1
92960984,6,3,0
92962007,5,3,0
92965517,6,3,0
92968266,7,2,1
92971124,5,3,0
92983522,5,0,0
92991358,7,3,1
92992681,0,1,1
93010492,7,0,0
93013851,7,3,0
93014563,5,3,0
93015422,5,3,0
93017854,6,3,1
93022408,2,3,1
93026663,4,3,0
93029276,7,0,0
93031060,6,3,0
93032658,6,3,1
93045546,4,2,3
93060508,7,3,0
93061423,5,3,0
93061926,4,2,0
93071948,5,3,0
93076605,7,3,1
93078587,6,3,0
93079169,3,3,0
93083864,4,3,0
93084906,7,3,0
93085260,4,2,0
93098066,8,3,0
93098812,0,0,3
93100006,5,3,0
93101466,7,3,0
93106827,5,3,0
93107671,5,3,0
93109026,6,3,0
93111547,7,4,0
93112968,5,2,3
93113680,6,3,2
93115873,6,3,0
93126688,6,0,0
93131954,6,3,0
93137013,6,0,0
93141077,5,3,0
93142857,5,3,1
93144100,8,3,0
93147015,6,3,0
93148373,4,2,1
93148730,3,3,0
93150694,2,3,0
93150834,5,0,0
93151924,4,2,1
93153437,2,0,0
93166013,6,3,0
93166441,6,3,0
93168845,2,0,1
93176335,2,4,3
93176544,5,3,0
93181007,5,3,0
93181099,6,3,0
93182527,8,3,0
93182788,5,3,1
93196585,7,0,3
93199500,5,3,0
93204299,6,3,0
93208416,5,3,0
93213962,5,3,0
93229160,6,3,1
93231544,7,0,3
93235127,4,0,1
93240587,0,3,0
93241586,4,3,0
93243618,4,2,1
93245902,7,0,0
93252478,7,3,0
93253776,7,3,0
93254629,4,3,0
93264884,0,2,1
93264989,6,2,0
93266405,5,2,3
93268318,5,3,0
93268360,0,1,0
93270604,2,3,3
93273179,2,3,0
93273827,4,3,1
93274691,6,3,0
93275696,5,3,2
93288701,6,3,3
93297172,2,3,0
93301987,5,3,0
93304506,5,2,0
93304576,6,3,0
93308037,6,3,0
93313210,3,3,0
93318980,4,3,2
93320532,6,3,0
93323713,5,3,0
93324379,6,3,0
93329363,5,3,1
93330291,6,3,0
93331201,5,3,2
93334132,6,3,0
93336531,3,3,1
93338499,5,3,1
93341149,7,3,0
93343730,5,0,0
93344983,6,3,0
93348113,6,3,0
93349955,5,3,0
93350596,5,3,1
93358815,7,3,0
93358939,5,3,0
93362680,5,3,0
93367018,5,3,0
93369989,1,4,0
93374248,6,3,0
93375725,5,3,0
93376769,0,3,3
93377084,0,0,0
93382961,6,0,1
93382984,7,0,0
93386564,3,2,0
93387906,5,2,1
93389867,6,3,0
93396236,6,3,0
93399866,5,3,1
93406720,5,3,0
93410646,5,0,3
93412657,5,3,1
93416682,5,3,0
93432957,5,3,1
93438700,5,3,0
93439682,3,4,1
93440602,0,3,3
93445414,5,2,0
93449971,4,3,3
93457611,5,3,0
93463235,5,2,0
93468110,6,0,1
93469493,7,0,0
93475955,6,3,0
93488647,7,3,0
93498715,6,3,0
93498735,2,3,0
93515770,0,0,1
93518557,4,3,0
93526255,5,3,0
93526671,6,2,2
93527961,0,0,0
93532295,5,3,0
93535235,7,2,0
93535581,7,3,3
93539401,5,3,0
93541470,7,2,2
93554371,3,3,2
93559906,6,3,0
93579748,3,3,1
93587886,6,3,0
93591170,7,3,0
93598290,2,3,2
93616751,5,3,1
93623032,6,3,3
93634361,6,0,1
93640059,6,3,0
93653242,0,0,0
93655382,0,0,0
93656728,3,3,1
93667236,4,3,1
93671345,3,2,0
93672131,5,3,0
93673177,5,3,1
93706904,6,3,0
93708617,4,3,0
93715547,7,3,2
93717100,6,3,2
93733469,2,2,0
93733472,2,2,0
93737752,5,3,0
93748792,0,0,0
93751864,5,3,0
93765820,4,2,0
93769750,4,3,0
93787220,4,0,2
93789140,3,3,3
93790076,3,3,1
93795203,7,3,0
93803600,7,3,3
93808442,5,3,0
93810814,6,0,2
93821356,6,2,0
93823821,7,3,1
93836145,1,3,0
93845907,6,3,1
93861642,4,2,0
93871987,3,0,0
93875932,9,3,0
93876054,3,3,0
93878047,5,4,0
93886451,5,3,0
93900032,4,3,0
93906304,5,3,0
93907599,6,3,0
93924346,6,3,1
93930945,4,2,3
93935774,2,3,0
93939062,6,3,0
93944425,7,3,1
93947247,6,0,0
93948505,6,3,0
93948511,7,3,0
93951089,8,3,0
93951210,5,3,0
93952431,8,3,1
93961659,1,3,3
93968402,5,3,0
93970043,6,3,0
93970100,4,3,0
93971606,6,2,1
93972479,6,3,1
93981067,4,3,2
93981398,0,2,1
93983089,5,3,0
93987172,5,3,0
93988662,6,3,0
93996445,0,0,0
93996670,5,0,0
94002992,6,3,0
94003988,5,3,0
94004269,7,2,0
94006328,5,3,2
94012602,5,3,0
94019063,4,2,0
94024694,4,3,0
94031985,0,0,0
94038905,5,3,1
94039740,6,0,0
94042096,7,3,0
94047202,0,0,0
94048178,3,3,1
94053829,5,3,3
94057157,7,4,0
94059126,0,0,0
94059585,6,3,2
94066547,4,3,0
94068862,6,3,0
94072932,5,3,0
94076968,5,3,1
94088972,3,2,3
94098237,5,0,1
94100564,6,3,0
94102147,5,2,1
94109300,6,3,0
94110801,4,3,2
94112336,5,3,0
94116045,7,3,0
94117996,6,3,0
94118692,7,3,2
94121760,6,2,0
94122015,2,2,0
94132549,5,3,1
94144575,8,0,0
94153615,5,3,0
94155316,4,3,2
94158058,4,3,0
94158275,0,0,0
94159593,5,2,0
94160364,0,0,0
94162585,6,3,0
94166109,6,3,0
94177238,0,3,0
94187491,0,0,0
94195461,6,3,0
94202129,7,0,0
94220988,6,3,0
94225957,4,2,0
94232155,3,3,1
94234323,7,3,0
94238320,3,3,0
94240280,7,3,0
94245324,5,3,1
94251548,6,3,0
94254816,6,3,0
94260351,2,3,1
94266027,7,3,1
94269073,7,2,0
94271540,5,3,0
94271788,2,3,2
94294271,6,3,0
94294776,6,3,1
94296909,7,3,1
94300883,7,3,0
94304777,3,3,0
94305588,6,0,0
94307821,5,3,0
94312551,0,0,3
94316002,6,0,3
94316384,8,3,0
94316983,6,3,0
94317184,7,3,2
94317351,7,3,0
94318111,3,0,0
94320787,0,0,0
94333694,1,3,0
94334313,6,2,0
94343098,0,0,3
94344473,5,2,0
94344575,0,0,0
94345051,5,3,0
94350538,5,3,2
94354682,4,2,0
94378776,0,0,0
94381876,6,3,0
94387681,6,2,0
94388486,5,3,2
94394060,0,1,0
94397871,6,3,0
94402722,0,1,1
94404130,5,3,2
94407636,0,0,0
94409870,3,3,1
94439491,3,3,0
94440424,5,3,0
94447030,2,3,0
94449855,0,0,0
94451693,0,1,0
94453970,6,3,1
94454616,4,3,3
94456880,6,3,1
94461795,5,2,2
94462513,4,3,2
94462788,0,0,0
94479086,6,3,2
94479442,9,3,1
94480520,6,3,0
94481746,7,3,0
94487266,4,2,0
94492050,7,3,0
94492733,4,3,1
94503009,4,2,0
94516128,5,3,0
94520175,5,2,0
94526562,5,3,0
94528180,6,3,1
94531366,0,0,0
94541528,4,3,0
94544022,2,2,2
94560571,5,3,0
94576006,9,0,3
94584467,5,3,0
94587182,3,3,0
94595961,5,0,1
94602685,6,2,0
94603191,5,2,0
94608468,7,3,3
94610439,3,0,3
94612588,5,3,0
94619682,3,3,0
94626664,1,3,0
94628348,5,3,0
94631310,5,3,0
94637196,6,3,0
94637220,3,2,0
94637676,5,3,0
94646013,5,3,0
94646484,4,3,1
94652528,3,3,0
94663417,5,3,0
94666843,5,2,0
94670142,4,2,1
94676386,3,3,2
94680206,5,3,0
94682506,5,3,1
94691025,9,3,1
94700163,3,3,0
94709228,5,3,0
94720163,0,3,1
94723014,0,0,0
94732356,6,3,2
94732971,5,3,0
94733531,6,2,0
94743468,6,0,0
94743469,3,3,0
94755157,6,3,2
94764322,3,3,3
94764787,7,3,0
94774804,5,3,0
94776686,7,3,0
94781706,5,3,0
94784498,6,3,0
94785732,0,0,0
94787003,4,3,0
94789818,6,3,0
94800135,7,3,0
94802277,3,3,0
94810627,3,3,2
94811788,4,3,3
94813965,5,3,2
94815215,6,3,0
94828786,0,0,3
94830521,3,3,2
94831771,6,3,0
94839309,3,3,0
94839944,6,3,0
94842501,0,3,0
94845358,3,3,0
94846180,0,0,0
94859569,6,3,0
94861333,3,2,0
94864981,7,3,0
94867607,6,0,3
94868877,8,3,0
94869919,5,3,1
94870879,4,3,1
94877748,6,0,0
94877751,5,2,0
94880582,3,3,3
94883295,7,0,3
94886697,4,3,3
94887416,3,3,2
94890865,5,3,2
94898468,5,3,3
94901533,6,0,0
94910161,5,3,0
94911168,4,3,2
94914714,7,3,0
94921290,4,3,0
94928496,5,3,0
94931003,8,3,1
94939772,6,3,1
94940328,0,0,3
94940974,5,2,0
94941468,4,2,3
94950277,6,3,0
94954188,6,0,0
94956291,6,2,1
94956962,7,3,0
94967748,6,3,2
94969955,5,3,0
94970705,1,3,0
94982847,5,3,0
94987802,5,3,2
94989113,4,3,0
94989317,6,3,0
94990923,5,2,1
94991499,4,3,0
94991787,3,3,0
94993895,7,3,1
94994681,0,0,0
94996100,6,3,0
94999247,6,2,1
94999697,6,0,3
95011908,0,2,3
95023969,4,3,0
95024339,0,0,0
95025782,7,3,0
95027823,2,2,0
95029081,5,4,0
95032625,5,3,1
95033251,5,3,1
95033677,5,3,3
95035084,4,3,1
95035762,7,3,2
95036634,0,0,0
95037935,6,2,3
95040902,7,3,0
95041254,2,3,0
95044315,8,3,1
95044800,6,3,0
95047120,0,2,0
95048137,3,2,1
95049394,3,3,0
95049396,6,3,0
95063930,4,2,1
95064065,2,3,0
95064655,6,3,1
95065123,5,3,0
95065234,0,0,3
95067068,4,3,2
95074101,7,3,0
95075330,6,3,0
95076283,5,3,0
95078494,6,3,0
95088832,6,3,0
95090127,4,3,2
95090896,0,0,2
95091658,7,3,0
95092159,3,3,1
95095386,7,3,0
95095751,6,3,1
95099485,5,3,2
95105063,6,3,0
95110586,0,3,3
95111792,3,3,0
95114314,6,3,0
95115240,3,2,0
95115842,2,3,0
95117200,0,0,0
95119754,5,3,0
95136318,3,3,1
95141586,7,2,0
95145448,5,0,1
95146012,4,3,3
95153975,4,3,0
95161402,3,2,2
95167498,7,0,3
95167705,6,3,0
95169160,5,3,0
95170001,5,3,0
95173760,3,3,2
95178769,0,0,1
95182876,1,3,0
95183778,4,3,0
95185200,3,3,0
95185572,5,3,0
95191395,5,3,3
95217025,7,3,1
95229868,6,3,1
95238975,7,3,1
95240845,5,3,0
95246159,5,2,2
95247363,5,3,0
95250020,0,0,0
95250101,4,3,0
95253270,6,3,0
95253789,3,3,0
95267689,7,3,0
95278650,5,3,0
95286034,4,3,1
95290047,7,3,1
95290791,5,3,0
95292193,6,3,0
95293354,6,3,0
95294180,5,3,0
95300030,5,3,1
95301651,8,3,0
95303408,6,3,0
95306491,6,3,1
95315117,7,4,1
95316878,3,3,0
95320095,6,3,0
95325555,6,3,0
95331472,7,0,3
95332095,4,3,0
95333576,6,2,0
95353635,4,3,0
95355234,2,2,0
95357589,7,3,0
95359589,5,3,0
95362687,0,0,0
95362696,0,0,0
95362699,0,0,0
95362700,0,0,0
95362919,0,0,0
95362920,0,0,3
95362921,0,0,0
95362922,0,0,0
95363051,0,0,0
95363053,0,0,0
95363060,0,0,0
95367235,3,3,0
95376613,7,3,2
95377316,5,3,1
95383756,3,3,0
95386716,4,3,0
95395854,1,3,0
95407096,1,2,0
95410158,6,2,1
95411367,4,3,1
95422982,6,3,0
95427954,5,3,0
95429859,6,3,0
95434045,5,3,0
95443492,6,3,0
95449383,3,3,1
95452799,7,3,2
95456093,6,2,0
95459650,1,3,0
95460406,6,3,2
95472176,5,0,0
95472221,4,3,3
95472457,4,3,0
95479953,2,3,0
95480561,5,2,1
95481460,0,0,0
95515400,0,0,1
95516584,6,3,0
95517262,5,3,0
95517881,4,3,0
95529995,5,0,1
95531145,6,0,0
95533321,5,3,1
95534811,3,2,0
95539180,5,3,0
95539334,6,0,0
95540500,5,3,0
95544801,3,3,1
95548154,6,2,0
95553464,6,3,1
95557453,7,3,0
95564944,5,0,3
95565059,5,3,1
95568102,6,3,3
95570547,4,3,1
95570836,7,3,0
95594512,7,3,0
95598058,6,3,0
95603724,6,3,0
95607837,6,3,1
95611730,5,3,0
95622995,3,2,1
95624136,4,3,0
95628448,5,2,0
95646355,0,2,3
95649598,5,0,3
95654786,6,3,1
95654975,3,3,0
95656228,5,3,0
95659856,7,0,0
95694370,3,3,0
95723712,6,0,0
95724636,5,3,0
95727598,6,0,1
95728193,5,3,0
95749687,3,2,0
95750001,6,3,1
95751299,5,3,0
95757511,5,3,2
95759450,0,0,3
95762764,8,2,0
95786734,5,3,0
95789690,5,3,0
95792541,6,3,0
95794069,3,3,1
95797312,5,3,1
95797695,6,3,0
95812388,5,3,1
95816028,4,3,3
95816863,4,3,0
95817942,5,3,1
95819007,5,3,0
95826285,2,3,1
95828543,7,3,3
95833681,7,3,0
95837870,8,3,1
95839758,4,3,2
95846104,2,2,1
95847120,5,3,0
95855037,5,3,0
95856005,4,3,0
95856971,5,3,0
95867523,4,2,0
95871811,3,3,1
95879636,6,3,0
95889970,5,3,0
95890570,6,3,0
95897297,5,3,0
95903369,0,2,0
95910669,1,4,0
95915927,3,3,0
95919303,4,3,0
95925136,7,0,0
95937695,6,3,0
95939512,6,2,0
95953142,7,3,0
95954269,0,0,0
95971006,6,3,0
95972354,6,3,1
95973582,0,0,2
95982033,3,3,0
95987100,6,3,0
95988181,4,3,1
95988741,5,2,0
95989485,0,3,0
96001777,7,3,0
96005151,5,2,0
96006277,7,0,0
96010502,8,3,2
96010981,6,3,0
96016691,3,3,2
96019836,0,0,0
96034077,5,0,3
96034376,6,3,0
96034529,3,3,2
96035780,0,0,0
96036125,5,3,0
96042692,5,3,3
96043261,5,3,0
96047395,5,0,0
96049730,0,0,0
96052482,5,3,0
96063227,1,3,0
96065035,6,3,3
96066472,4,3,0
96070572,6,3,0
96077809,3,3,1
96081044,4,3,1
96086203,4,3,0
96097929,6,3,0
96107642,6,3,2
96109888,1,3,0
96113682,0,0,0
96127200,7,3,0
96130557,3,3,3
96132130,2,3,0
96134493,5,2,0
96138720,4,3,0
96145456,6,0,0
96145486,4,3,0
96145911,7,3,0
96150776,6,3,0
96151975,6,3,0
96168294,0,0,3
96178618,0,2,0
96183986,5,3,0
96187595,6,3,0
96200524,3,3,0
96200526,5,3,0
96203008,6,3,0
96216547,5,2,1
96227203,6,3,1
96240575,0,0,0
96241036,0,0,3
96257460,5,3,0
96264988,6,3,0
96270857,6,3,2
96276739,6,3,2
96280708,3,3,0
96289298,5,3,0
96306305,5,2,1
96311202,0,0,0
96319867,6,0,0
96321163,6,0,3
96323401,6,3,0
96333333,5,4,0
96333369,4,3,0
96340087,4,3,0
96358359,2,3,0
96365733,6,3,0
96366045,7,2,0
96372070,5,3,1
96386030,7,2,0
96386635,6,3,0
96396886,6,3,0
96410838,7,3,0
96411547,5,3,1
96418989,6,2,0
96419926,7,3,0
96423458,1,4,0
96423760,6,3,0
96442742,4,3,0
96449591,0,0,0
96452542,0,0,0
96454433,5,3,0
96471642,5,3,0
96477051,0,3,1
96479761,6,3,0
96481252,3,3,0
96481745,5,3,0
96500666,2,3,1
96501333,7,0,2
96503287,5,3,0
96504286,5,3,1
96513943,6,3,0
96516577,5,3,0
96520407,5,3,2
96525521,5,3,0
96554096,4,3,1
96556960,3,3,0
96570950,8,3,0
96577724,4,3,1
96597523,2,3,0
96598021,5,3,3
96606564,7,3,0
96611738,5,3,0
96613456,0,1,0
96617296,6,3,1
96618566,6,3,1
96618643,4,3,0
96619871,5,3,0
96623708,2,3,0
96626685,4,3,0
96627326,5,2,0
96627671,7,3,0
96636896,5,0,1
96650598,2,0,0
96651889,5,3,0
96656861,5,3,0
96662200,7,0,0
96671840,5,3,0
96678992,5,0,3
96680149,7,0,0
96684422,5,3,0
96690984,6,0,1
96700424,4,3,0
96701588,6,2,0
96701925,5,3,0
96706265,6,3,0
96712463,5,2,3
96722921,6,2,0
96728170,5,3,1
96730977,4,3,0
96733378,5,3,0
96735351,0,1,0
96736300,5,0,1
96736304,6,2,0
96738215,9,3,0
96739379,4,3,1
96750980,5,3,0
96751048,3,3,0
96752506,5,3,1
96759468,5,3,0
96763095,5,3,0
96773635,5,3,0
96776475,10,3,0
96783767,6,3,0
96789195,1,3,0
96789798,5,2,1
96820977,4,2,3
96827245,3,3,0
96832349,5,3,2
96844395,5,3,0
96859810,4,3,1
96861113,5,3,3
96881521,6,3,0
96884529,5,3,1
96884946,6,3,0
96885650,6,2,0
96898793,6,3,0
96906118,4,3,0
96907434,7,3,0
96915837,5,3,1
96916127,6,3,1
96916216,5,3,0
96919958,5,3,0
96925255,5,3,0
96925293,4,3,3
96925389,3,2,0
96926424,5,0,3
96929861,7,3,1
96931179,5,3,0
96932592,6,3,1
96935626,6,0,0
96948125,0,2,1
96949584,0,3,0
96969860,5,3,1
96973473,6,3,0
96973517,7,3,0
96973565,6,3,0
96975291,5,0,0
96977025,5,3,3
96978713,6,3,0
96983992,7,3,0
96987928,5,3,1
97000865,4,3,3
97006727,6,3,0
97008229,6,3,0
97010341,7,3,0
97018393,3,2,0
97022339,5,3,1
97029435,6,3,1
97029919,5,3,2
97042129,6,3,3
97045644,6,3,0
97047564,0,0,0
97050101,6,3,0
97054834,5,2,0
97056119,6,3,0
97062939,5,2,0
97065059,4,3,1
97068060,6,3,2
97075144,6,3,3
97081745,0,0,0
97085316,7,3,0
97088864,5,3,0
97089045,6,3,1
97102482,6,0,0
97106991,6,2,0
97109789,5,2,0
97143572,4,3,0
97146238,0,0,0
97148119,4,3,0
97155541,3,3,0
97163675,6,3,0
97172202,0,2,1
97187904,7,0,0
97188058,6,0,0
97194183,6,3,1
97194912,3,3,1
97196465,5,0,3
97198949,6,3,0
97210732,6,3,0
97217029,6,2,0
97225298,5,2,0
97227328,3,3,2
97230525,6,2,0
97240429,5,3,1
97243506,6,2,0
97248299,4,2,1
97249804,6,3,0
97250013,6,3,0
97253364,5,2,0
97256975,6,3,0
97260198,0,3,0
97263452,3,3,0
97270527,4,3,3
97275512,7,3,0
97279134,5,3,2
97293255,5,3,0
97294657,5,3,1
97295743,5,3,0
97299103,6,3,0
97299110,4,4,0
97301098,0,3,0
97309271,9,3,1
97309581,7,3,1
97310527,3,3,1
97312764,4,3,0
97314510,4,3,3
97317513,3,3,1
97324384,5,3,0
97324823,5,3,1
97325492,4,3,0
97326077,3,3,0
97332080,7,3,2
97332186,7,3,0
97344115,7,3,0
97349356,4,3,0
97363979,3,3,0
97368901,6,3,1
97373232,5,3,1
97377003,5,0,2
97380362,5,3,0
97381914,4,2,1
97394241,6,2,0
97396584,7,3,0
97407109,7,3,0
97408843,5,3,2
97424639,6,0,0
97428011,4,3,0
97428906,5,2,0
97429196,6,3,0
97442702,4,3,2
97446239,6,3,3
97450062,6,3,0
97450532,5,3,1
97454942,5,2,0
97456476,5,3,0
97457352,6,2,0
97458827,4,3,1
97462365,5,2,0
97464468,0,3,0
97465710,6,2,0
97469171,6,3,2
97471303,3,3,0
97472588,7,3,0
97472665,5,3,0
97474955,9,3,1
97492208,6,3,0
97504474,5,2,2
97506121,0,3,1
97524885,6,3,0
97525956,3,2,0
97536774,6,3,0
97538259,7,3,0
97541165,3,3,0
97547382,7,3,0
97548151,6,3,0
97548725,6,3,1
97549715,4,3,0
97550672,6,3,1
97551156,3,3,2
97557632,0,0,0
97557638,0,3,0
97561370,5,3,0
97571022,5,3,0
97572086,5,2,1
97585296,7,3,1
97592530,6,3,0
97596675,4,2,0
97604549,6,3,1
97605233,6,3,2
97606988,5,4,1
97610242,4,3,0
97613548,8,2,0
97619766,3,3,0
97627313,5,3,3
97628175,0,3,2
97641195,5,2,0
97645774,2,3,0
97655242,5,3,0
97667296,7,3,0
97668813,8,3,0
97675774,5,3,0
97675877,4,3,2
97679349,3,3,0
97681838,5,3,0
97690976,6,2,0
97701175,6,3,0
97704677,6,3,1
97718115,0,0,0
97720549,6,3,0
97735849,5,3,0
97745107,4,3,0
97757758,7,3,1
97760617,5,3,0
97762666,6,2,0
97767998,5,3,0
97771980,3,3,0
97785822,6,3,1
97785826,6,3,0
97787052,8,3,0
97794244,6,3,0
97796131,6,3,0
97802742,7,3,0
97805558,7,2,0
97809987,7,3,0
97810411,4,2,0
97822224,4,3,3
97828945,3,3,0
97848614,1,3,0
97851302,4,3,0
97864385,5,3,0
97871687,6,3,0
97878121,5,3,2
97882054,4,3,1
97892848,4,2,2
97907145,4,3,0
97908775,4,3,0
97943192,0,1,0
97945507,5,3,2
97945595,7,3,1
97950911,6,3,0
97966395,7,3,1
97976397,1,4,0
98011511,5,3,0
98018718,6,2,0
98018847,5,2,3
98019547,6,3,0
98048085,7,3,0
98057967,7,3,2
98061921,4,3,0
98070635,8,3,1
98071656,4,3,0
98081362,6,3,2
98088391,2,3,0
98094214,3,3,0
98119435,3,3,2
98120599,4,3,0
98165602,0,0,3
98178077,8,3,0
98210663,1,3,0
98245920,4,3,2
98263181,0,3,0
98278657,5,3,0
98290662,4,3,0
98316355,5,3,0
98318828,6,3,2
98322849,6,3,0
98329384,4,3,2
98344545,6,3,0
98346008,6,3,1
98350460,6,3,0
98372718,5,3,0
98378296,3,2,0
98379745,5,3,0
98384702,5,2,0
98403376,0,1,0
98419773,4,2,0
98423635,5,3,3
98426913,6,3,0
98441939,0,1,0
98457786,0,3,0
98466191,8,3,0
98476386,6,3,0
98494482,1,3,0
98506350,7,3,0
98511810,4,3,0
98513058,4,2,0
98523684,5,3,0
98538647,6,2,3
98543032,6,3,0
98556931,7,2,0
98584021,4,3,0
98604886,7,3,3
98631634,1,3,0
98642958,0,3,0
98654286,6,3,3
98659403,3,3,0
98698707,5,3,0
98726490,3,3,1
98733125,6,2,1
98735650,0,3,0
98786370,6,3,0
98842453,6,3,0
98854305,5,3,0
98857134,8,2,1
98857626,0,3,2
98887891,5,3,0
98899344,7,3,0
98907229,0,3,0
98909867,3,2,0
98921321,5,3,0
98927781,7,3,0
98944446,4,3,3
98949490,4,3,2
98956397,5,3,0
98973961,5,3,0
98983848,6,3,0
98987628,5,3,0
98992149,4,2,0
99074893,6,2,0
99100955,5,2,0
99104186,6,2,0
99139898,5,3,2
99141187,5,3,0
99146431,4,3,0
99152294,6,3,0
99159552,5,3,3
99173475,5,3,1
99185848,4,3,1
99221772,5,3,0
99230232,6,3,0
99248463,5,2,0
99249992,7,3,1
99253488,7,3,0
99266850,4,3,0
99272401,3,3,0
99278253,6,3,0
99293753,4,3,0
99298958,0,1,0
99315304,6,3,1
99315888,5,3,0
99318008,0,0,1
99322431,3,3,0
99331058,1,3,0
99331166,0,2,0
99331176,0,2,0
99354810,5,3,0
99356934,0,2,1
99357927,3,3,0
99370365,8,3,0
99376594,7,3,1
99381487,0,1,0
99384559,8,3,0
99404438,6,3,0
99414415,5,3,0
99419960,5,2,0
99431000,0,2,0
99454818,6,3,0
99455139,8,3,0
99462817,7,3,0
99484967,5,3,1
99523802,4,3,2
99540590,0,3,0
99556422,4,3,0
99556782,5,2,1
99558594,3,3,0
99561269,6,3,0
99563174,5,3,0
99565106,9,3,0
99588050,6,3,1
99591621,5,3,1
99607760,7,3,1
99609280,0,3,0
99619326,7,3,1
99643330,0,2,0
99645543,6,3,1
99669933,6,3,0
99676438,6,3,0
99678986,5,3,0
99680098,4,2,3
99684850,0,0,0
99711037,7,3,0
99714432,5,3,0
99735314,7,3,2
99737413,4,3,2
99774621,5,3,0
99789771,3,3,0
99798188,6,3,0
99810722,0,2,0
99817593,8,2,0
99840348,4,3,1
99843524,5,3,3
99852563,8,3,0
99856262,5,3,0
99871640,0,2,2
99876835,6,3,2
99897889,6,3,0
99900401,6,3,1
99905237,5,3,0
99918110,3,2,0
99924283,6,2,0
99928665,5,3,0
99933547,7,3,0
99937399,7,3,1
99940001,8,2,0
99943518,5,3,1
99945417,6,3,0
99949437,7,3,2
99959739,0,2,0
99967310,7,3,0
99983305,5,3,0
100000004,4,3,0
100000044,0,1,0
100000129,6,3,0
100000134,5,3,1
100000149,4,3,0
100006125,6,3,0
100034429,6,2,0
100037626,7,3,0
100040345,5,3,0
100047336,0,3,0
100050341,5,3,0
100053740,6,3,0
100073033,2,4,0
100079528,5,3,1
100083010,5,3,0
100087804,4,3,1
100100385,5,3,0
100127646,4,3,0
100140192,7,3,0
100169645,7,3,0
100179182,0,0,0
100223720,4,3,3
100261096,0,3,0
100261527,6,3,0
100270645,4,3,0
100274088,4,3,0
100287305,3,3,2
100291292,0,3,1
100302818,6,3,0
100303963,6,3,0
100312550,4,3,0
100317515,3,3,0
100337549,7,4,0
100341594,8,4,0
100348576,6,3,0
100349444,3,3,0
100362503,5,3,0
100375093,0,4,0
100383351,5,3,0
100383352,4,3,0
100388136,6,3,3
100395691,5,2,0
100401489,5,2,1
100418198,4,3,0
100423205,1,3,0
100426360,3,2,1
100428808,7,3,0
100429076,5,3,1
100438218,4,3,0
100460110,6,3,0
100465366,4,3,0
100483182,2,3,0
100515148,6,2,0
100517752,4,3,1
100537819,3,3,0
100539057,5,3,0
100568662,5,3,1
100571847,0,3,1
100623912,6,3,1
100625883,0,3,0
100640944,0,3,1
100650889,7,3,0
100671815,1,3,0
100681422,6,3,0
100691459,5,3,0
100705483,6,3,0
100709734,3,3,0
100715374,8,2,0
100721760,7,3,1
100725103,5,3,0
100729290,6,3,0
100733789,7,3,1
100739083,7,3,0
100739170,5,2,0
100764366,7,3,0
100784500,6,3,1
100819303,5,3,0
100820774,5,4,0
100825153,4,3,1
100825352,5,3,0
100828096,6,3,0
100834092,6,3,0
100862658,4,3,0
100864600,7,3,1
100879988,1,4,0
100885949,5,3,0
100887000,4,3,0
100893329,5,3,0
100894676,1,2,0
100936755,5,3,2
100939646,6,3,0
100944118,4,3,0
100951447,3,3,0
100956281,6,3,2
100957045,4,3,1
100957124,6,3,0
100969950,6,3,0
100970986,4,3,0
100986178,4,3,0
100987825,7,3,0
101016472,5,3,0
101019998,6,3,1
101021635,5,3,3
101065659,5,2,0
101067293,5,3,2
101073712,6,3,0
101083939,4,3,0
101104854,6,3,0
101106341,6,3,0
101121242,3,2,0
101126685,6,3,0
101139410,5,3,0
101146976,4,2,0
101149725,7,3,0
101150691,0,2,0
101154219,7,3,0
101155744,6,3,0
101195730,5,2,0
101197649,2,3,0
101197741,0,3,0
101205502,4,3,0
101251609,1,4,0
101263841,7,3,0
101275038,5,3,1
101282008,8,3,0
101283032,5,3,0
101287178,0,3,1
101287871,0,3,0
101303755,5,3,0
101315424,6,3,0
101322780,5,3,0
101330219,0,3,0
101332397,5,3,2
101383543,7,3,0
101388828,4,3,3
101390646,0,3,3
101403423,5,3,0
101411698,6,3,0
101411843,8,2,0
101412491,6,3,0
101446642,7,3,0
101450176,7,3,0
101450920,4,3,1
101460192,5,2,0
101464875,3,3,0
101470826,5,3,0
101485885,6,3,0
101502144,5,3,0
101508293,5,3,1
101526684,5,3,0
101544776,7,3,1
101548478,3,2,0
101549393,6,3,0
101552155,1,3,0
101555009,8,3,0
101573841,7,3,3
101587289,5,3,0
101589105,3,3,1
101589873,5,3,0
101590090,4,3,1
101595208,7,3,0
101603901,6,3,0
101608701,6,3,0
101608926,5,3,0
101618085,5,3,1
101621037,0,3,1
101622127,4,3,0
101643020,5,3,0
101649394,3,3,0
101664962,3,3,0
101672914,7,3,0
101693472,5,3,0
101693548,7,3,3
101704725,5,3,1
101707060,1,3,0
101722691,7,3,0
101734980,5,3,0
101746243,4,3,0
101762950,7,2,0
101765991,7,2,1
101768881,4,3,0
101780417,0,3,0
101809759,5,3,0
101814350,4,3,2
101821191,4,2,0
101825964,1,3,0
101842240,5,2,2
101844789,7,3,3
101851429,6,2,0
101863845,5,3,0
101863880,5,3,1
101866311,5,3,0
101866722,6,3,0
101867154,4,3,1
101879349,6,3,0
101881032,6,3,0
101881991,5,2,0
101886079,8,3,0
101893584,5,3,2
101903010,4,3,0
101904295,4,3,0
101905580,5,3,1
101924005,4,3,2
101929251,5,3,0
101934329,5,3,0
101951415,4,3,0
101955016,3,2,0
101967181,2,2,0
101978537,4,3,0
101982437,5,3,0
101994536,1,3,0
102000251,0,2,0
102011632,2,2,2
102024297,4,2,1
102060478,4,3,2
102062754,5,3,0
102067240,7,3,0
102068542,5,2,0
102070911,5,3,1
102071010,4,3,0
102071776,0,3,0
102085978,6,3,0
102106904,7,2,0
102125304,5,3,0
102164473,6,3,1
102176589,5,3,0
102178139,4,3,0
102184811,3,3,1
102186135,6,3,1
102188303,7,3,0
102198361,4,2,0
102210457,3,3,0
102214120,8,3,0
102214308,5,3,1
102230036,5,3,1
102237838,4,3,0
102250288,6,3,0
102251159,4,3,0
102251920,1,4,0
102252773,7,3,3
102256368,4,3,0
102267128,6,3,0
102267460,6,2,2
102269879,6,3,0
102272144,5,3,1
102281011,6,3,1
102283194,6,3,0
102285783,6,3,0
102307076,6,3,2
102338466,4,3,0
102341401,3,3,0
102341639,6,3,0
102367310,7,3,0
102374784,2,2,0
102386423,6,3,0
102417656,4,3,0
102420764,6,3,0
102423263,7,3,1
102424414,6,3,0
102428603,6,3,0
102435509,5,3,0
102440172,6,3,0
102440519,5,3,1
102467593,5,3,0
102481859,4,3,0
102495028,4,3,1
102499996,5,3,0
102501790,5,3,0
102515835,0,1,1
102515837,0,0,0
102518544,6,2,0
102528566,4,2,3
102543244,3,3,1
102545440,6,3,0
102545692,5,3,0
102553058,6,3,0
102558255,0,3,0
102560946,6,3,0
102566745,1,3,0
102597640,7,2,3
102601686,5,3,0
102621337,4,2,0
102621878,5,2,0
102632604,0,1,1
102647666,5,2,0
102659910,6,3,0
102664254,8,3,0
102673160,7,3,0
102690546,4,3,0
102702234,3,3,3
102721097,4,3,0
102733218,0,3,0
102742179,4,3,1
102746987,5,3,1
102757960,5,2,0
102761843,5,3,0
102763768,6,2,0
102771086,5,3,0
102774949,5,3,0
102781083,8,3,1
102781823,6,3,2
102783930,7,3,0
102796991,6,3,0
102811656,1,3,0
102812232,5,2,0
102813253,4,3,1
102817903,5,2,1
102832438,0,1,0
102864245,0,0,1
102867340,6,3,0
102877345,4,3,0
102886380,2,2,0
102886879,5,3,2
102888310,6,3,0
102901191,6,3,1
102918678,1,3,0
102934986,6,3,0
102938434,6,3,0
102948731,5,2,0
102949114,4,3,1
102953233,4,2,0
102959415,5,3,0
102968000,6,2,1
102996885,5,4,0
103000000,3,3,0
103005152,4,3,1
103025480,0,1,0
103028633,4,3,1
103061309,3,3,2
103067452,6,3,1
103084261,4,3,0
103090297,6,3,0
103096020,6,3,0
103099900,5,3,0
103105174,4,3,1
103106360,5,3,0
103108170,2,3,0
103109275,5,2,1
103140108,2,3,1
103146326,4,3,0
103149103,7,3,0
103152479,4,3,0
103159065,3,4,0
103188514,3,3,0
103203723,7,3,0
103204914,6,3,3
103206408,4,3,1
103211336,7,3,0
103212398,7,4,0
103243743,5,3,0
103246873,5,3,0
103248008,4,4,0
103261570,4,3,0
103266564,5,3,0
103271573,5,3,1
103274322,7,3,0
103279201,4,3,2
103290624,5,2,0
103290981,5,3,0
103293684,6,3,0
103298189,3,3,0
103307712,6,3,1
103316681,8,3,0
103319921,7,2,3
103335534,4,3,0
103337196,0,1,0
103338458,4,3,1
103339523,5,3,1
103355507,4,3,2
103357120,5,3,0
103366796,5,3,0
103369612,5,3,0
103375204,6,3,1
103378293,5,3,1
103378418,5,3,0
103403294,6,3,3
103413626,4,3,0
103424444,5,2,0
103426469,3,2,0
103442447,7,3,1
103449746,7,2,0
103454353,5,3,0
103456824,5,3,0
103461826,6,2,0
103465635,6,3,0
103473708,3,2,1
103502237,5,2,0
103509589,4,3,0
103512292,6,3,0
103531858,5,3,0
103563675,6,3,0
103575382,4,3,0
103604788,5,2,2
103608666,2,3,0
103613459,5,3,0
103613484,5,3,0
103620504,6,3,0
103624736,4,2,0
103628442,3,3,0
103630082,6,3,0
103637799,5,2,0
103641960,5,3,2
103649273,4,3,0
103655482,6,3,0
103656564,4,3,1
103663263,6,3,1
103663916,7,3,0
103666045,2,3,1
103680914,0,3,0
103696216,5,3,0
103700276,7,2,0
103709056,5,4,0
103726225,6,3,0
103728582,5,3,0
103749171,6,3,0
103752652,6,3,0
103754656,7,4,0
103761026,3,2,0
103764746,6,2,0
103769519,4,3,2
103783494,6,3,0
103787655,6,3,1
103798057,5,3,0
103801826,5,3,1
103812251,0,0,0
103819365,7,3,0
103824898,4,3,0
103829461,7,3,0
103832710,6,3,1
103835638,6,3,0
103840748,6,3,0
103848077,4,3,0
103867103,0,2,3
103876832,4,3,3
103877520,7,3,0
103887577,4,3,1
103918429,6,3,0
103919167,2,3,1
103922742,6,3,0
103925511,4,3,0
103928404,1,4,0
103934217,5,3,0
103937749,5,3,0
103954998,5,3,0
103964982,6,3,0
103968387,2,3,0
103975820,4,3,0
103986486,3,3,0
103987222,5,2,0
104002584,7,2,0
104004175,5,3,1
104016368,4,3,1
104019036,6,3,1
104021442,4,3,0
104030072,4,3,2
104034156,7,3,2
104038017,4,3,0
104049716,6,3,3
104061039,4,3,1
104063832,5,2,0
104078590,1,4,0
104087095,1,3,0
104090719,5,3,0
104092628,5,3,1
104092689,6,3,0
104093930,3,2,3
104096022,1,4,0
104096458,6,3,0
104096537,5,2,1
104098064,5,3,0
104115106,3,3,2
104129369,4,3,0
104129873,2,3,3
104132449,4,3,0
104138231,6,3,3
104141161,5,3,0
104146263,4,3,3
104147753,5,3,0
104152107,6,3,1
104159800,0,3,3
104168656,1,3,0
104171351,5,3,0
104173555,5,3,0
104187729,5,2,1
104209187,5,3,0
104210779,0,3,2
104228732,4,3,3
104229909,4,2,0
104238243,1,3,0
104244067,0,3,3
104251153,5,3,0
104272143,5,3,1
104275870,5,3,0
104278431,5,3,0
104279193,0,2,3
104284868,6,3,0
104285343,3,3,0
104304230,5,3,3
104312585,4,3,3
104321588,7,3,0
104328549,5,3,0
104329151,0,0,0
104334740,4,3,1
104335351,5,3,0
104339483,6,3,3
104343411,7,3,3
104343928,7,3,0
104344441,6,3,0
104350811,6,3,0
104351210,5,3,0
104356663,5,3,1
104364365,5,3,0
104369090,5,3,0
104369385,5,3,3
104370033,1,4,0
104397004,5,3,3
104401915,5,3,3
104407963,4,3,3
104412828,7,3,1
104414842,6,2,2
104418550,5,3,0
104429808,6,3,0
104431011,5,3,0
104431276,6,2,3
104431786,0,3,3
104438451,0,3,3
104439557,5,3,1
104440089,3,2,2
104442710,5,3,0
104458059,6,3,2
104468260,7,3,0
104472143,4,3,0
104476481,0,1,0
104482928,6,3,2
104490415,6,3,0
104492062,6,3,2
104492295,5,3,0
104508878,6,2,0
104522916,5,3,0
104523832,5,3,1
104525371,8,3,1
104532693,5,3,0
104539424,6,2,0
104551179,4,3,1
104556963,6,3,0
104564364,5,3,1
104564651,0,2,0
104566095,4,2,3
104568435,4,3,0
104568502,7,3,0
104569548,6,3,1
104570698,5,3,0
104574799,6,3,0
104595944,4,3,0
104615143,5,3,0
104618927,6,3,1
104622214,6,3,0
104622444,4,3,0
104624555,3,3,1
104627359,1,4,0
104627614,5,3,0
104635195,4,3,0
104642700,4,3,0
104643079,6,3,0
104644380,5,3,0
104644666,5,3,1
104644966,2,3,0
104652096,6,3,2
104667324,6,3,0
104669094,5,3,0
104670996,5,3,0
104672442,5,3,0
104674265,5,3,0
104693242,5,2,1
104696960,5,3,0
104701162,4,3,0
104705811,0,2,3
104706319,6,3,0
104707148,6,3,0
104709747,7,3,0
104725127,5,3,2
104726278,7,3,0
104726489,5,3,1
104742206,5,3,0
104750585,7,3,0
104751494,7,3,0
104759657,0,2,0
104760738,6,3,0
104771641,5,3,1
104778720,5,3,0
104778841,6,4,0
104783607,7,3,0
104793471,5,3,1
104800069,6,3,0
104805899,4,2,0
104812414,0,2,3
104812786,6,2,2
104814393,4,3,0
104821098,4,3,1
104828458,4,3,2
104836382,3,3,0
104836398,5,3,0
104839709,5,2,1
104841476,6,3,0
104841718,4,2,0
104861519,4,3,1
104866735,6,3,0
104872183,1,3,0
104877194,4,3,0
104892159,5,3,0
104893739,1,3,0
104894048,5,3,3
104895224,4,3,0
104895320,5,3,0
104902634,4,3,0
104903952,0,3,0
104905328,5,3,2
104906576,5,3,2
104910065,6,4,1
104911768,5,3,0
104911779,1,3,0
104914768,5,2,1
104915814,6,3,0
104922868,3,3,0
104923081,8,3,0
104929650,6,2,1
104929904,3,3,0
104930766,4,2,0
104932343,5,2,0
104932739,0,3,0
104939909,7,3,1
104945762,5,3,1
104950538,4,3,0
104963016,5,3,0
104965223,5,3,0
104966684,6,3,0
104967643,4,3,1
104972870,5,3,0
104977687,5,3,0
104981482,0,3,0
104990177,5,3,0
105028387,4,3,1
105030686,4,3,1
105033342,0,0,0
105044173,7,3,0
105046748,7,2,1
105047428,5,2,0
105051895,6,3,1
105066441,6,3,1
105072217,6,3,0
105074282,5,3,3
105076123,6,3,1
105077849,8,3,0
105080759,7,3,0
105085427,0,2,1
105100340,2,3,1
105101829,0,4,3
105107058,6,3,0
105107173,2,3,3
105109607,4,3,1
105111720,5,3,0
105140654,0,3,0
105142157,5,3,0
105144481,6,3,0
105145973,1,3,0
105148957,4,3,1
105150833,4,3,0
105155040,6,2,0
105176193,3,3,1
105180036,0,1,0
105185158,8,3,0
105188915,5,3,2
105189715,4,3,1
105202141,6,3,0
105206404,4,2,2
105209890,3,2,0
105212812,5,3,0
105215617,6,3,1
105215618,4,3,2
105229249,0,0,0
105237683,8,3,1
105239919,4,3,0
105241226,0,0,0
105258303,0,3,0
105263746,1,3,0
105269289,7,3,0
105272378,3,2,1
105283215,6,3,0
105293572,6,3,0
105297600,4,3,3
105299357,5,3,0
105301279,6,3,0
105305533,4,2,0
105308212,4,2,1
105310989,7,3,0
105315844,3,3,1
105320132,5,2,0
105330536,9,3,0
105334059,6,3,0
105334098,4,3,0
105339546,5,2,0
105340288,6,3,0
105349971,6,2,1
105351476,5,3,0
105358437,4,3,0
105375630,4,3,3
105376980,6,4,0
105380256,3,3,1
105384471,5,3,0
105397522,6,3,3
105401507,5,3,0
105409620,4,2,1
105410727,7,3,1
105411193,8,3,1
105413511,5,3,1
105416578,4,3,0
105420021,5,4,0
105420029,3,3,0
105420381,7,3,0
105422783,5,2,0
105423656,1,3,0
105423986,4,2,1
105424742,4,3,0
105430263,0,2,1
105432553,5,3,1
105432936,6,3,0
105433266,6,3,0
105442449,5,2,0
105443902,5,3,0
105445837,6,3,0
105447054,0,3,0
105458084,6,3,0
105480279,6,3,0
105481096,5,2,1
105481692,5,3,0
105492630,6,3,3
105493362,6,3,1
105493411,4,3,0
105494071,4,3,0
105501100,6,3,0
105503174,5,3,0
105504666,8,3,1
105506932,2,3,0
105508188,6,3,0
105511559,6,3,0
105515328,8,3,0
105527063,5,3,0
105527525,6,3,0
105538833,5,2,1
105541507,5,3,3
105542823,1,3,0
105543930,6,3,0
105546607,6,3,0
105550779,6,3,0
105551200,4,2,1
105554123,7,2,0
105562080,6,2,0
105568042,6,3,0
105572408,4,2,0
105574454,5,3,0
105576514,5,3,1
105582861,7,2,0
105583677,5,2,0
105583996,4,3,1
105590462,6,3,0
105590480,6,2,0
105597035,6,3,0
105597696,6,2,0
105613740,5,3,1
105613902,6,3,1
105615465,6,3,0
105615951,6,3,0
105616159,7,3,0
105618109,0,3,0
105621122,4,2,3
105624405,4,3,2
105625033,6,2,0
105637929,4,3,3
105651803,6,3,3
105661429,5,3,0
105663248,1,3,0
105673188,6,3,0
105673389,4,3,0
105676115,6,3,0
105690573,4,2,0
105691922,7,3,0
105693414,8,3,0
105702788,5,2,0
105707244,4,3,1
105707412,3,3,1
105707553,6,3,0
105709633,5,4,0
105710073,6,2,0
105711757,5,3,1
105733945,6,3,0
105734372,5,3,0
105740493,7,3,0
105746317,5,3,3
105747670,5,2,0
105748456,4,3,1
105748635,8,3,0
105754762,0,0,0
105757039,3,3,0
105760697,5,3,0
105763551,5,3,0
105765307,0,1,0
105768066,6,2,0
105774197,5,3,0
105786824,6,2,1
105788989,5,3,3
105790373,0,2,0
105797605,7,3,0
105799230,5,2,0
105804991,6,2,0
105811085,0,0,0
105811142,3,3,0
105812214,5,3,1
105829287,3,3,0
105829814,5,3,1
105829866,6,3,1
105833792,6,3,3
105838725,5,3,0
105842553,5,3,0
105842698,5,3,2
105844752,5,3,0
105848600,7,2,0
105849337,6,2,0
105853960,0,0,0
105858785,6,3,0
105864528,7,3,1
105866655,7,3,0
105867634,5,3,0
105875089,5,3,0
105878369,0,3,3
105887132,5,2,0
105889315,5,2,0
105907087,4,3,3
105922898,7,3,1
105927398,5,3,0
105927717,6,3,0
105933796,4,3,0
105934714,7,3,1
105954517,4,3,0
105956547,3,3,0
105959249,7,3,0
105964717,3,3,0
105970316,6,3,1
105974039,5,3,1
105982834,5,2,0
105987230,5,2,0
105988143,3,2,0
105988711,6,3,0
105992619,4,3,3
105995720,5,3,0
105997308,4,2,0
106002443,0,1,0
106006261,0,2,0
106006268,5,2,1
106008633,6,2,0
106018801,6,3,0
106019510,0,1,0
106020202,0,2,0
106024442,0,3,0
106030978,7,3,0
106031343,6,3,0
106032604,6,3,2
106035173,6,3,2
106040563,8,3,0
106041207,5,2,0
106047571,7,3,0
106052398,5,2,1
106064605,0,4,0
106068821,4,3,0
106069463,3,3,2
106075960,5,3,0
106078217,5,3,0
106080083,4,3,0
106089442,7,2,0
106089738,4,3,0
106095991,5,3,1
106111114,6,3,0
106113436,5,3,0
106118148,5,2,0
106119955,7,3,0
106129478,6,3,1
106133952,4,3,0
106136312,5,3,0
106141268,6,3,0
106156805,6,3,0
106157457,5,3,1
106161176,6,3,3
106166749,5,3,0
106168745,5,2,2
106170454,5,3,0
106171257,7,3,0
106174888,3,3,0
106182295,4,3,0
106194543,7,3,0
106195006,5,3,3
106202304,6,3,0
106213199,5,3,2
106222312,6,3,1
106227141,6,3,2
106228552,6,3,0
106233027,7,3,1
106234405,6,3,0
106236524,6,3,2
106237782,8,3,1
106240037,6,3,0
106247433,5,3,0
106258136,5,2,3
106259595,8,2,0
106266116,6,3,0
106267124,5,3,0
106271184,5,3,0
106272549,2,3,0
106291373,7,3,0
106293772,7,3,0
106297759,6,3,2
106300325,1,3,0
106303937,7,3,0
106322113,6,3,1
106326450,6,3,3
106327896,3,2,0
106328568,5,3,0
106332148,6,3,0
106333574,5,3,3
106336120,7,3,0
106345605,6,3,1
106348979,4,3,0
106355512,5,2,0
106363951,6,3,2
106368840,3,3,2
106372051,6,3,3
106373438,6,3,0
106373625,8,2,0
106374659,3,2,0
106376220,5,3,0
106377178,6,3,1
106378413,4,2,0
106378499,5,2,1
106380082,4,3,0
106420435,6,3,0
106420462,6,3,0
106421032,5,3,0
106421514,5,3,3
106434588,4,3,0
106443257,0,2,0
106447925,7,3,0
106450061,5,3,0
106455622,8,3,3
106467384,6,3,0
106471046,6,3,0
106484081,8,3,0
106498463,5,4,1
106503854,5,3,0
106508604,5,3,0
106510160,6,3,3
106510173,5,3,0
106511803,8,3,0
106512915,3,3,3
106515164,4,2,1
106521583,3,3,1
106526482,6,3,1
106529716,5,3,1
106534393,6,2,1
106535629,7,3,0
106540866,5,3,0
106545309,9,3,0
106547023,6,3,1
106547542,6,3,0
106547890,3,3,0
106548074,5,3,0
106548118,5,2,0
106549953,7,3,0
106551249,6,3,1
106551663,0,2,3
106561161,6,3,0
106572008,6,3,1
106577800,5,3,0
106578366,5,3,1
106578473,6,3,1
106585681,0,2,0
106587480,7,3,0
106588211,6,3,1
106604030,4,3,2
106610587,1,3,1
106613515,7,3,0
106620269,6,2,1
106626133,6,2,0
106627947,5,3,0
106636609,5,3,0
106642858,5,3,0
106644037,6,3,0
106644168,7,3,0
106644259,5,3,1
106653493,5,3,0
106664772,6,3,0
106669669,6,3,1
106693366,5,3,3
106696115,5,3,0
106699788,5,3,3
106703631,6,3,0
106716632,6,3,0
106722002,6,3,0
106726316,5,3,0
106729427,6,3,0
106731889,5,3,0
106736938,4,3,3
106738173,4,3,1
106739574,3,3,0
106741479,4,3,0
106749030,6,3,0
106749528,4,2,0
106756525,5,2,0
106770160,5,2,0
106772032,6,3,0
106794423,7,3,0
106798403,6,3,0
106807276,7,3,0
106811076,1,4,0
106831545,5,3,0
106835728,8,3,0
106839877,4,4,1
106841314,6,3,0
106842654,3,3,0
106843639,6,3,0
106847520,0,3,1
106849065,8,3,0
106855434,5,2,0
106859062,6,3,0
106859507,7,2,0
106872844,5,3,1
106880473,5,3,0
106884516,0,3,0
106884538,5,3,0
106885287,6,2,0
106887427,4,3,0
106889794,5,3,0
106893690,4,3,0
106894947,4,3,2
106896234,3,2,0
106896571,6,3,0
106907502,5,3,1
106907932,0,1,0
106914493,0,0,0
106915879,3,3,1
106924725,3,3,0
106936266,6,2,0
106939153,4,3,0
106939991,5,3,0
106943670,5,2,0
106946271,6,3,3
106955310,4,3,1
106963269,7,3,0
106972837,4,3,0
106975005,5,2,0
106978213,7,3,0
106979084,5,3,0
106980219,3,3,0
106980544,6,3,0
106982928,5,3,0
106982929,4,3,0
106983212,5,3,0
106983946,6,3,0
107002083,6,3,0
107003501,5,3,0
107006316,6,3,0
107010343,4,3,0
107014360,5,2,0
107015114,5,3,0
107016586,6,2,0
107021805,0,3,0
107026182,7,3,1
107036405,5,3,1
107040026,6,3,3
107052774,6,3,0
107054804,4,3,0
107055454,6,3,1
107059209,6,2,0
107060591,5,3,0
107065504,6,2,2
107067143,5,3,0
107079701,6,3,1
107086904,7,2,0
107091279,7,3,0
107095676,7,3,0
107098712,0,2,1
107100495,6,3,0
107100853,5,3,1
107102021,6,2,0
107103909,5,3,1
107107876,5,3,0
107110380,7,2,1
107116322,5,3,1
107119491,0,3,0
107134657,6,3,0
107135095,6,3,0
107146231,5,3,2
107147941,4,3,0
107151573,2,4,0
107152995,0,2,0
107153770,5,2,0
107159348,5,3,0
107162411,9,3,0
107174701,5,3,2
107175992,7,3,2
107181647,6,3,0
107182414,6,2,0
107184821,5,3,1
107186534,6,3,0
107187936,6,3,3
107189870,5,3,0
107190875,7,3,0
107191128,3,3,0
107192131,4,3,0
107195561,6,3,3
107195729,6,2,2
107201951,5,3,3
107202591,5,3,0
107223704,6,2,0
107225022,4,3,0
107230824,6,3,0
107245402,0,3,0
107246711,5,3,3
107254006,5,2,0
107255310,7,3,0
107256782,6,3,0
107264759,5,3,0
107273159,0,3,0
107280431,5,2,1
107281470,6,3,1
107282642,7,3,0
107317865,4,3,0
107318596,6,3,1
107320047,2,2,0
107321077,6,3,0
107322442,5,3,1
107336507,4,3,0
107343201,6,3,0
107349775,3,2,1
107353637,7,3,3
107356317,5,2,0
107356901,3,2,0
107358702,1,3,0
107358934,5,3,0
107361064,4,2,3
107362831,6,3,0
107363944,4,3,0
107368722,1,4,0
107372596,6,3,0
107377518,6,3,0
107393006,5,3,0
107394770,6,3,0
107396236,4,3,0
107401997,7,3,0
107403078,4,3,0
107403941,5,3,3
107412405,3,3,1
107416322,6,3,1
107416688,0,3,1
107426444,4,3,0
107438327,3,3,0
107440260,6,4,0
107441132,5,3,0
107456783,5,3,1
107456958,6,3,1
107466272,5,2,1
107480102,5,3,1
107482928,6,3,0
107485200,6,3,0
107490037,6,3,0
107493755,5,3,0
107498836,6,3,0
107500180,4,3,0
107506579,6,3,0
107512282,5,3,0
107516564,4,3,0
107523770,5,3,0
107525108,8,3,0
107527476,7,3,3
107529353,5,3,0
107533195,5,3,0
107538059,0,0,0
107562465,5,3,1
107566237,4,3,0
107570238,5,3,3
107571002,7,3,0
107573904,5,3,1
107575372,6,2,0
107576384,4,3,1
107588143,8,3,2
107589993,5,3,0
107590223,7,3,1
107599102,7,3,0
107603152,3,2,0
107609200,7,3,3
107614416,3,3,0
107616060,5,2,0
107616469,6,3,0
107616504,5,3,0
107617611,0,2,0
107618378,5,3,1
107623396,5,3,0
107625483,7,3,0
107632233,6,3,0
107632234,6,3,0
107636423,4,3,3
107637059,2,2,0
107650765,0,3,2
107651587,5,3,2
107659611,5,2,0
107664640,7,3,0
107667265,6,3,0
107687984,6,3,0
107699147,6,3,0
107700114,5,3,0
107702079,3,3,0
107730078,6,3,0
107732819,4,2,0
107736338,4,3,1
107742368,6,3,0
107756197,4,2,0
107756231,5,3,0
107756468,5,3,2
107776442,4,3,0
107776733,0,2,1
107777478,5,3,0
107782277,4,3,0
107800074,6,3,0
107802252,0,1,0
107802948,0,0,0
107808805,5,3,0
107808887,7,3,0
107809712,4,3,0
107823133,6,3,0
107825684,1,3,0
107828497,6,3,0
107837426,7,3,0
107839603,6,3,0
107842068,3,3,0
107844103,4,2,0
107849952,6,3,1
107853258,6,3,1
107855455,5,2,1
107856062,4,4,0
107860611,4,3,0
107870845,5,3,0
107872829,0,3,1
107884022,4,3,0
107885436,8,3,1
107886960,7,3,1
107890735,6,3,3
107891037,7,3,0
107900451,4,3,0
107902582,7,3,0
107907286,5,3,0
107909829,0,3,0
107912851,6,3,0
107920098,7,3,0
107923803,0,1,0
107928649,6,3,1
107931414,3,3,3
107935598,3,2,0
107952302,4,3,3
107953640,7,3,0
107956426,5,3,1
107962484,5,3,1
107964696,5,3,0
107969441,6,2,0
107970386,5,2,0
107977325,0,3,2
107980145,6,3,0
107981548,5,3,1
107982871,7,3,0
107986023,3,3,1
107987199,6,3,0
107990131,0,2,1
108001940,7,4,1
108010060,5,3,0
108010438,4,3,0
108032696,4,4,0
108038177,7,3,0
108038964,5,3,0
108041687,4,3,1
108045988,5,3,0
108050251,4,3,0
108050597,6,3,2
108054369,5,2,1
108060508,8,3,0
108061112,6,3,0
108061878,5,3,0
108079769,4,3,1
108081800,0,2,0
108083773,6,3,0
108092524,6,2,0
108092902,6,3,0
108093470,5,3,3
108094870,6,3,0
108105399,4,3,2
108107790,4,3,0
108120844,7,3,0
108132838,3,3,0
108135434,3,3,0
108136791,8,3,0
108144625,6,3,0
108146036,6,3,0
108148004,6,3,0
108157061,6,3,0
108158090,6,3,0
108170780,5,3,0
108172077,5,3,0
108173914,6,3,0
108176758,5,2,0
108177549,5,3,0
108180263,5,3,0
108188009,4,3,1
108191372,3,3,1
108204936,5,3,1
108210839,6,3,1
108212130,5,3,0
108239476,5,2,0
108244961,4,3,0
108255802,6,2,0
108259650,5,3,1
108260094,6,3,3
108264046,6,3,0
108264704,6,3,0
108268437,4,3,0
108283217,4,3,1
108295797,7,3,0
108296272,5,3,0
108298835,4,3,0
108310237,7,3,0
108311118,7,3,1
108317149,5,3,0
108324085,5,3,1
108328003,7,3,2
108330898,7,3,0
108335698,5,3,0
108338214,6,3,0
108342815,6,3,0
108346936,5,3,1
108348683,6,3,3
108359255,0,2,1
108361813,6,3,0
108363846,7,3,1
108370210,5,2,0
108373275,4,3,0
108377181,5,3,0
108390497,5,3,0
108395135,7,3,2
108396360,3,3,0
108399688,7,3,1
108403659,5,3,2
108413995,5,2,0
108415106,7,3,0
108415145,7,3,1
108417345,6,4,0
108417436,5,3,0
108417589,6,3,0
108419663,6,3,1
108430120,4,3,2
108444464,5,3,3
108444888,4,3,0
108449344,6,2,0
108450504,3,3,0
108454685,5,3,0
108456771,5,3,0
108457579,6,4,0
108464364,6,3,0
108466303,6,3,2
108471054,6,3,1
108474038,3,2,1
108485328,5,3,0
108485770,5,4,0
108489070,4,3,0
108494375,6,3,0
108499040,6,3,0
108501478,6,3,1
108503385,5,3,0
108505140,5,3,0
108505577,4,3,0
108511431,3,3,0
108516384,5,3,0
108523035,8,3,3
108526412,7,3,2
108528533,6,3,0
108531366,7,3,0
108540111,6,3,0
108540479,4,3,0
108567774,8,3,1
108575732,4,2,0
108576799,7,3,0
108581970,4,3,3
108583878,7,3,0
108586141,5,3,2
108591686,6,3,0
108601066,7,3,0
108615144,6,3,2
108616464,7,3,2
108622376,5,2,0
108622411,5,3,2
108623278,6,3,1
108626750,6,3,3
108634065,6,3,0
108657144,6,2,0
108665357,6,3,0
108667399,5,3,3
108671594,6,3,0
108673399,4,4,0
108685641,6,4,0
108692946,3,3,0
108694592,5,3,0
108695233,5,3,0
108697466,6,3,1
108698084,6,4,1
108698510,3,3,0
108699172,5,4,0
108701030,5,3,0
108705517,7,3,0
108706315,4,2,0
108707557,4,2,1
108713875,5,2,2
108714631,5,3,0
108714893,7,3,0
108717061,7,4,0
108741905,5,2,2
108751617,3,2,0
108759571,6,3,0
108760194,7,3,0
108775393,7,3,0
108777296,0,3,0
108780581,7,3,0
108781260,6,3,1
108787466,6,2,0
108791895,5,3,1
108794565,0,3,0
108798091,3,3,1
108809913,4,3,0
108813190,4,3,0
108817495,7,3,0
108821178,2,2,0
108834593,2,3,1
108834952,6,2,0
108836198,5,3,0
108852143,2,3,1
108853433,2,3,0
108868921,6,3,0
108870374,6,3,0
108890240,6,3,0
108901616,7,3,0
108903749,7,3,0
108911990,6,3,0
108925925,6,3,0
108926556,5,3,0
108931995,6,3,2
108934772,5,3,0
108934951,8,3,0
108938122,1,3,0
108943903,6,3,0
108945761,6,2,0
108958120,10,4,0
108959197,0,3,1
108960534,5,3,0
108963681,5,3,1
108965494,5,3,0
108966593,5,2,0
108967957,7,3,0
108993945,6,3,0
108995216,6,2,0
109003525,5,3,1
109015851,0,2,0
109018193,6,2,0
109026355,6,3,0
109039829,4,3,0
109047230,4,3,0
109053743,3,2,0
109060090,6,3,0
109078244,8,3,0
109083707,7,3,0
109085330,6,2,0
109087620,5,3,1
109092265,6,2,0
109095251,6,3,1
109104181,6,3,1
109104328,5,3,0
109111880,5,3,1
109120627,0,3,1
109126039,7,2,0
109138029,4,3,1
109138201,0,2,0
109143835,3,3,0
109161253,4,3,1
109171612,4,3,1
109176200,4,3,0
109176857,5,3,0
109180715,6,3,3
109182849,4,3,0
109204940,4,3,2
109210033,7,3,0
109212163,5,3,0
109218809,5,2,0
109221272,7,3,0
109225811,5,2,0
109228894,0,3,0
109246974,5,2,3
109247364,6,3,1
109249395,4,3,0
109252404,7,3,0
109254638,3,3,0
109255383,2,3,0
109255452,8,3,0
109255938,7,3,0
109266653,6,3,2
109267797,6,3,1
109269564,5,3,2
109270088,4,2,0
109275023,5,3,0
109276537,5,3,0
109277530,4,3,1
109277797,4,2,0
109281646,4,2,1
109283884,6,3,0
109289236,4,3,0
109293818,7,2,0
109300503,8,2,0
109301089,7,3,0
109309637,5,3,0
109311682,4,3,0
109311802,4,3,0
109313642,6,3,0
109314855,6,3,0
109321819,7,3,0
109327260,4,3,2
109328617,3,3,1
109331712,7,3,0
109341878,5,3,0
109357558,4,3,0
109361370,4,3,0
109363527,7,3,0
109363748,5,3,0
109364946,4,3,0
109372287,5,3,1
109375564,6,3,1
109381742,5,3,3
109383343,6,3,1
109387224,7,3,0
109390720,5,3,1
109395630,5,2,2
109396941,5,3,0
109398903,6,3,1
109403829,6,3,0
109406252,4,2,1
109409433,5,3,0
109411315,6,3,0
109412520,7,3,0
109414058,5,3,0
109418742,2,2,0
109418971,6,3,0
109443807,7,2,0
109445771,6,3,0
109445849,4,3,3
109448157,6,3,0
109450754,6,3,0
109454616,0,1,0
109458517,6,3,0
109460533,7,3,0
109462288,5,3,3
109469661,6,3,2
109473108,5,2,1
109473735,4,4,0
109475223,2,2,1
109477581,6,3,3
109482423,5,3,2
109486271,3,2,1
109487003,0,0,0
109496893,3,2,0
109497397,7,3,0
109499776,2,3,2
109500141,5,3,0
109500929,4,2,2
109507015,5,2,0
109508225,5,3,2
109509150,5,3,0
109514643,5,3,0
109519197,5,3,3
109520496,6,3,0
109521647,5,3,0
109533972,5,3,0
109534018,4,3,0
109534106,8,3,0
109536401,5,3,0
109536841,6,3,0
109538746,7,3,0
109542484,3,3,0
109543252,4,2,0
109546015,6,3,0
109549314,7,3,0
109550499,5,3,0
109552959,7,3,0
109554127,3,3,0
109556360,6,2,3
109557146,6,3,0
109566554,5,3,0
109569201,6,3,0
109569344,5,3,0
109571983,6,3,0
109574049,6,3,0
109576184,0,0,0
109576189,0,1,0
109576226,6,3,3
109576560,5,4,0
109577754,5,3,0
109577789,4,2,0
109579442,6,3,0
109580079,0,2,0
109585929,6,3,0
109596124,0,3,1
109599229,5,3,1
109600030,0,2,0
109601139,5,3,1
109606613,6,3,2
109606935,6,3,1
109610378,5,3,0
109611887,4,3,3
109614123,8,3,1
109616661,0,1,0
109617035,4,3,0
109619194,5,3,1
109620980,3,3,0
109641864,5,3,0
109649753,5,3,0
109655960,8,3,0
109665195,6,3,2
109668003,2,3,1
109670242,0,3,0
109681462,7,2,0
109686522,6,3,1
109687721,3,3,0
109693024,0,3,1
109693921,9,3,2
109706765,5,3,0
109711362,7,3,0
109714508,6,3,0
109723531,3,4,0
109724762,3,3,0
109724844,5,2,0
109725232,5,3,0
109727895,3,2,0
109730104,5,3,0
109731247,7,2,0
109731777,5,3,1
109735355,4,4,1
109739157,6,3,0
109742414,7,3,2
109746412,5,2,0
109755254,2,3,0
109760884,5,3,0
109765565,6,3,0
109768492,8,4,0
109782752,6,2,2
109794103,4,2,0
109802513,6,4,1
109807883,7,3,1
109817748,5,3,2
109820460,5,3,0
109824836,6,3,0
109827577,5,3,0
109830331,6,3,0
109831116,6,2,1
109831986,8,3,0
109835101,5,3,2
109839352,6,3,0
109842329,6,3,0
109851138,5,3,1
109854757,3,3,2
109856537,6,3,0
109864273,4,3,0
109865374,5,4,0
109874196,5,3,1
109880290,7,3,1
109886810,7,2,0
109895257,6,2,0
109897904,4,2,2
109899503,5,3,3
109905245,6,3,0
109909584,5,3,0
109909952,5,3,0
109912969,8,3,3
109913103,2,3,0
109918069,5,3,0
109918940,5,3,0
109920428,5,3,0
109940961,3,3,1
109946139,5,3,1
109951281,4,3,0
109958673,5,3,0
109959065,7,3,2
109965311,4,2,0
109966388,6,3,0
109969432,5,3,0
109983986,0,4,0
109987036,6,3,3
109991573,4,2,0
109991644,5,3,0
109994472,6,3,1
109994764,8,3,0
109994929,7,3,0
110000535,5,3,3
110002335,6,3,1
110008380,5,2,0
110014030,4,3,0
110014544,4,3,2
110018730,5,3,1
110019072,3,2,0
110019075,4,2,1
110019158,4,3,1
110022853,7,2,3
110023882,3,3,0
110028704,6,3,3
110035421,7,3,0
110038632,5,3,0
110039735,5,3,0
110041790,4,3,0
110045795,2,3,3
110051324,6,3,0
110051475,5,3,1
110051650,5,3,1
110052505,6,3,0
110055387,5,3,0
110058055,5,3,2
110058771,5,2,0
110066083,7,3,0
110069160,8,3,2
110069940,8,3,0
110072442,4,3,0
110073920,6,3,0
110078894,8,3,1
110084653,4,3,0
110086281,6,3,0
110090398,5,3,1
110096145,8,3,0
110102192,4,3,0
110105901,7,3,0
110117090,5,3,0
110126415,6,3,1
110130405,6,3,1
110138908,5,3,0
110146381,6,3,1
110154657,0,3,0
110157907,8,4,0
110170229,5,3,1
110178311,3,3,0
110181839,4,3,0
110183354,5,2,0
110183878,6,2,0
110187663,3,2,1
110189799,8,2,1
110192150,5,3,0
110192688,4,3,0
110197504,5,3,0
110203085,0,3,0
110204579,4,3,2
110248704,4,3,0
110255935,4,3,0
110258286,7,3,0
110259788,7,3,1
110265919,0,3,0
110277187,5,3,0
110277763,3,3,0
110279237,4,2,3
110282567,4,3,0
110295234,6,3,1
110309822,8,3,1
110312376,6,3,0
110325002,7,4,0
110327074,7,3,0
110333767,7,3,0
110334614,4,3,0
110336723,5,3,2
110337889,4,3,0
110340493,7,3,0
110340567,4,3,0
110341026,5,3,3
110349368,6,3,0
110363369,4,3,0
110364906,3,3,0
110366582,5,3,0
110366836,0,0,0
110367200,6,3,0
110373008,5,3,2
110380665,6,3,0
110385716,5,3,0
110392941,6,3,0
110396057,5,3,0
110397524,5,3,0
110397595,5,3,0
110408691,5,3,0
110409948,2,3,2
110411497,5,3,0
110423826,7,4,0
110424457,0,2,0
110429778,4,3,0
110430434,7,3,0
110430491,6,3,1
110434492,6,3,0
110436374,4,3,0
110437288,5,3,0
110438654,5,3,0
110444260,5,2,0
110455179,6,3,0
110459991,6,3,0
110460023,4,3,0
110461799,6,3,0
110476859,6,3,0
110478566,7,3,0
110481542,7,3,0
110483837,2,3,0
110485897,5,3,0
110490270,6,3,0
110500785,7,3,1
110504526,8,3,0
110507681,6,2,0
110509876,2,4,0
110510653,6,3,2
110512150,5,3,2
110520648,6,3,0
110521984,4,3,0
110526490,5,3,0
110527440,6,2,0
110529749,5,4,1
110531930,5,2,1
110533365,1,3,0
110534713,7,3,0
110536090,5,2,0
110542517,0,3,1
110542867,5,3,1
110545182,4,3,1
110546407,4,3,0
110548893,4,3,3
110552630,5,3,0
110553213,2,3,1
110555710,0,2,0
110566240,0,2,0
110568075,4,3,0
110569835,6,3,1
110572574,7,3,0
110581307,5,3,0
110597448,7,3,0
110610038,10,3,0
110611068,4,2,0
110612712,4,3,0
110614394,4,3,1
110623965,4,3,0
110635738,0,3,0
110636006,5,2,0
110636339,4,3,2
110638716,10,3,0
110653923,0,1,0
110655838,4,2,0
110657033,5,3,0
110657780,5,3,0
110658015,5,3,0
110661341,7,3,0
110664891,5,3,2
110678566,6,3,0
110679874,9,3,0
110680383,5,3,1
110681124,10,4,0
110692324,6,3,0
110695177,4,3,1
110698827,6,3,0
110705309,6,3,0
110712748,6,3,0
110714219,4,3,1
110715358,0,3,0
110715606,8,3,0
110716961,6,3,0
110719343,2,3,0
110719349,6,2,0
110720233,4,3,0
110722311,3,3,0
110738332,7,2,0
110743683,6,3,1
110745605,7,3,0
110747183,6,4,0
110748235,3,3,0
110749066,5,3,0
110758598,8,3,0
110759782,4,3,0
110763559,3,2,0
110765646,6,3,1
110766814,6,3,0
110768255,3,3,2
110772842,10,3,0
110774148,2,3,0
110774313,8,3,0
110783299,2,3,3
110788218,6,3,0
110790417,7,3,1
110790921,0,2,0
110796624,6,3,1
110797418,7,3,0
110798394,6,3,0
110799860,5,3,2
110806001,4,3,0
110807964,7,3,0
110819561,0,3,0
110829039,5,3,0
110830508,5,3,0
110831558,4,3,0
110832819,4,3,0
110838097,6,3,1
110841887,6,2,1
110843267,5,3,0
110847585,6,3,0
110861090,5,3,1
110865355,3,3,0
110865991,6,3,0
110866034,6,3,0
110867706,5,3,0
110893203,4,2,1
110906075,5,3,0
110913401,4,3,1
110929948,6,3,1
110935715,7,3,0
110938731,5,3,0
110939145,3,3,3
110946918,5,3,2
110959189,7,3,0
110961285,6,3,1
110963041,5,3,0
110965156,7,3,3
110989339,6,3,3
110998214,6,2,1
110999168,6,3,0
111000000,5,3,0
111008734,3,3,1
111034780,5,3,1
111037413,2,3,0
111045833,7,3,0
111046522,4,2,0
111047637,0,1,0
111065515,2,3,0
111077002,6,3,0
111079081,7,3,0
111085368,3,2,0
111103726,6,3,0
111113652,6,2,1
111117533,6,3,0
111117911,6,3,1
111132837,3,2,0
111138254,7,3,0
111139787,6,3,0
111140273,6,3,0
111146142,4,3,0
111164709,5,3,1
111173570,5,3,2
111193256,5,3,3
111194163,3,2,0
111196602,7,3,1
111196936,0,3,0
111211820,5,3,2
111216753,2,3,0
111220271,7,4,0
111224458,6,3,0
111237771,4,3,0
111252949,6,2,0
111257567,5,3,0
111269471,1,4,0
111291177,6,2,0
111291220,6,3,0
111294342,5,3,0
111297323,5,3,0
111297357,5,2,0
111297807,4,3,1
111303415,6,3,0
111303598,1,4,0
111310009,5,3,0
111317296,7,3,0
111322624,5,3,0
111334494,4,3,0
111334891,0,1,0
111338794,9,3,0
111344322,5,3,0
111344822,7,3,3
111345427,7,3,2
111347700,7,3,0
111348036,6,3,1
111349724,6,3,0
111350119,5,3,1
111356677,0,2,1
111359032,6,3,0
111359537,4,3,0
111364765,4,3,0
111370151,6,3,0
111371067,5,2,1
111383684,8,2,0
111385020,0,0,0
111391046,3,3,0
111391410,4,3,0
111403276,5,2,2
111407573,0,3,1
111410270,8,2,0
111423762,6,3,0
111433375,5,2,0
111438919,5,3,0
111452977,6,3,0
111454528,7,3,0
111456265,4,3,3
111457980,5,3,0
111465512,5,3,1
111467556,0,0,0
111490980,5,3,0
111494246,6,3,0
111495111,4,3,2
111498164,7,2,0
111515229,6,3,0
111516686,5,3,0
111519190,5,3,2
111522520,5,2,0
111523341,6,3,0
111526249,5,3,1
111529978,7,3,1
111530060,6,3,0
111531531,5,3,0
111537800,6,2,1
111544618,9,3,1
111545735,3,2,1
111549537,6,3,1
111568252,6,3,0
111570470,3,3,3
111572610,7,3,3
111574162,8,2,2
111576000,5,3,0
111580549,5,2,0
111581686,6,2,0
111586172,7,3,0
111587711,5,3,2
111596469,7,3,0
111599994,7,3,0
111604284,0,2,0
111605777,1,3,0
111613367,5,3,0
111614555,4,3,2
111618880,7,3,0
111620937,6,2,1
111625599,0,3,1
111627603,4,3,0
111633937,5,2,0
111637764,6,3,0
111638011,6,2,1
111638278,4,2,0
111639916,5,2,0
111642574,6,2,0
111644636,5,3,0
111644641,4,2,0
111647008,7,3,0
111651446,5,3,1
111654046,7,3,0
111657306,3,2,1
111657423,4,3,0
111657692,6,3,0
111658634,5,2,0
111660620,4,3,1
111660686,8,3,0
111660687,8,3,0
111662179,6,3,2
111663149,6,3,0
111677939,6,3,0
111683160,6,3,0
111685627,6,3,0
111687864,6,2,0
111688821,7,3,0
111692453,6,3,0
111708479,5,3,0
111708692,6,3,0
111708762,6,4,0
111716603,5,3,0
111718426,7,3,0
111719425,5,3,0
111720119,6,3,0
111727193,8,2,0
111731524,4,3,2
111740134,5,3,1
111749361,2,3,0
111749528,0,3,0
111754887,3,2,0
111755764,6,3,1
111757375,6,3,0
111759341,0,3,0
111766652,5,3,0
111781453,4,3,1
111785439,8,3,0
111789701,6,3,0
111800407,8,3,0
111800594,4,3,0
111802737,5,3,0
111805990,6,3,0
111811867,6,2,0
111816952,0,3,0
111822449,4,2,3
111824013,7,2,3
111828820,4,2,0
111829836,6,2,0
111832753,4,3,3
111833546,7,2,1
111838973,5,3,0
111840410,7,3,0
111841863,6,3,0
111850275,7,3,0
111851700,5,2,1
111854570,6,3,1
111855871,5,2,0
111857734,6,3,2
111858772,6,3,0
111862803,5,3,0
111871184,7,3,0
111875992,5,3,0
111876025,6,3,0
111877219,5,3,3
111881415,4,3,0
111884926,3,2,1
111887935,6,2,1
111887996,2,3,0
111896086,6,3,0
111906501,3,2,0
111907546,6,3,0
111911750,5,2,0
111932930,5,2,1
111935036,0,2,1
111939796,4,3,1
111954268,5,3,0
111956992,0,3,1
111965561,6,3,0
111977715,5,3,0
111978689,5,2,0
111979857,8,3,1
111993448,6,3,0
111995424,4,3,2
112002418,7,3,0
112023413,3,3,0
112024891,7,3,0
112025935,7,4,1
112026775,6,3,0
112032602,6,3,0
112041494,5,3,1
112047585,5,3,0
112049454,6,2,0
112055245,8,3,1
112056892,6,2,0
112059212,6,3,2
112060552,5,2,0
112064033,1,4,0
112065129,5,3,0
112069637,3,3,0
112070926,4,3,0
112072699,5,3,2
112077105,7,3,0
112079491,8,3,1
112089660,6,3,0
112102056,0,3,0
112104566,5,3,0
112105209,7,3,0
112106560,4,2,0
112109153,4,3,1
112112375,5,3,1
112113859,5,3,1
112114011,6,3,2
112117079,5,3,0
112120640,7,3,0
112121191,5,3,0
112126429,5,2,0
112133465,8,3,0
112138777,6,3,0
112140617,6,3,0
112146268,5,3,1
112154147,3,3,0
112154552,0,3,0
112154733,5,3,0
112155348,8,3,0
112157206,6,3,0
112164253,8,3,0
112165197,7,3,1
112178919,4,2,1
112179576,6,3,0
112180182,5,2,0
112180425,5,3,1
112190794,4,3,0
112205516,7,3,0
112206603,5,3,0
112207084,5,3,1
112215178,4,3,0
112226293,5,3,0
112234481,5,2,1
112235525,4,3,3
112238396,4,3,3
112238599,4,3,0
112247816,6,2,1
112253049,5,3,0
112258968,7,3,0
112259916,7,3,0
112260048,6,3,0
112269975,6,2,0
112275407,5,3,1
112287639,6,3,0
112287893,5,2,0
112290775,7,3,0
112290936,8,3,0
112294848,6,3,0
112302959,3,3,0
112304780,6,3,0
112312700,4,2,3
112318850,5,3,0
112320809,8,3,0
112322316,4,3,0
112324749,5,2,0
112335229,5,2,0
112338862,4,3,0
112346214,5,2,0
112346235,7,3,0
112371528,6,2,0
112371737,7,3,3
112374082,6,3,0
112401287,3,3,0
112411772,5,3,0
112421537,4,2,0
112422028,5,3,0
112423102,3,3,0
112427742,6,3,0
112428067,7,3,0
112428194,7,3,1
112439050,0,2,3
112442484,0,3,0
112442772,0,3,3
112449873,6,3,2
112452680,6,3,0
112456380,4,3,0
112459692,4,3,0
112470551,6,2,1
112486787,7,3,0
112490331,7,3,1
112496012,6,3,0
112496325,6,3,0
112499634,4,3,2
112500719,5,3,0
112504149,7,3,1
112513431,5,2,0
112515780,5,3,0
112516162,6,3,0
112517906,7,3,0
112541164,6,3,0
112543723,5,3,1
112546812,5,3,0
112548875,4,2,0
112556075,6,3,0
112569073,2,3,2
112569753,6,3,0
112569973,5,3,0
112575032,0,0,0
112576852,0,1,0
112578043,5,3,3
112597271,6,3,1
112608966,8,3,0
112621576,3,3,1
112634076,6,3,2
112637140,7,3,0
112643620,7,3,1
112645253,0,2,0
112649251,5,3,0
112654790,4,3,0
112659458,7,3,0
112663519,6,3,0
112672752,6,3,0
112675226,7,3,0
112690307,3,3,2
112690327,6,3,1
112690640,6,3,1
112691001,6,2,1
112691340,7,3,0
112692186,7,3,0
112693117,0,3,0
112696215,6,3,0
112711353,6,3,0
112718393,3,3,1
112724142,5,3,1
112727289,4,3,0
112731058,5,3,0
112736782,7,4,0
112747190,6,3,3
112751178,6,3,2
112757028,6,2,0
112759380,6,3,1
112773744,5,3,0
112777103,6,3,0
112777312,6,3,0
112783557,5,3,0
112785662,0,2,1
112799743,6,3,2
112801872,5,3,0
112805242,0,3,1
112806264,6,2,1
112816789,7,3,0
112821185,5,3,0
112822948,6,2,0
112829099,3,2,0
112832022,6,2,0
112834285,0,3,0
112836982,5,3,0
112850472,6,3,2
112853733,8,3,1
112857156,6,3,0
112858758,5,3,0
112859432,5,3,0
112864935,6,3,0
112865967,7,3,0
112867736,5,2,0
112875821,6,3,0
112884840,5,3,1
112897436,6,3,0
112904542,5,3,0
112915621,6,3,1
112923742,4,3,0
112926142,0,3,0
112926753,5,3,0
112928711,3,4,2
112933218,6,3,2
112942749,6,3,1
112942812,5,3,3
112944507,6,2,3
112964328,6,3,0
112968928,7,3,0
112976507,5,3,3
112977334,4,3,0
112981901,6,3,0
112982342,7,2,0
112992201,3,3,0
112995381,8,3,0
112996093,7,2,0
113003177,6,3,1
113003572,6,3,0
113004780,9,3,0
113005459,5,3,0
113007143,3,3,0
113008684,6,3,0
113012382,5,3,1
113017774,5,3,0
113024168,6,3,0
113024872,5,3,0
113025094,5,3,0
113047523,7,3,0
113049620,10,3,0
113057264,3,3,0
113061767,5,3,0
113077423,6,3,0
113078757,7,3,0
113079615,0,0,0
113082780,6,3,0
113084811,8,3,0
113108725,4,3,0
113112863,6,3,0
113120428,7,3,0
113124662,5,2,3
113129431,1,3,0
113129728,0,3,0
113138871,10,4,0
113139862,10,3,1
113149049,5,3,0
113155113,3,2,3
113158194,6,3,1
113158994,4,3,0
113160007,5,3,1
113170394,3,4,0
113170404,5,3,0
113170755,0,3,0
113182869,3,3,0
113193069,6,3,0
113200103,3,3,2
113200820,5,2,0
113201202,3,3,0
113214170,6,3,1
113215683,0,3,0
113220874,0,0,0
113241599,5,3,1
113250556,7,4,0
113255727,3,3,0
113269671,4,3,1
113272411,5,3,0
113279858,3,3,1
113281381,1,3,0
113289618,4,3,0
113293130,5,2,0
113301780,5,3,3
113307780,6,3,2
113315610,7,3,3
113316267,5,3,0
113322858,6,3,0
113322997,5,3,0
113323471,5,2,3
113324434,5,2,1
113324963,7,3,0
113325691,6,3,2
113327250,8,3,0
113331603,5,2,0
113340397,6,2,0
113349870,6,3,0
113352688,8,3,0
113359186,2,3,0
113359813,6,3,0
113361974,5,3,2
113364006,0,3,0
113375421,7,3,0
113375464,6,3,0
113380838,6,3,1
113393180,4,3,1
113396174,5,3,0
113397666,5,3,0
113409024,8,3,0
113409074,10,4,0
113410258,0,3,0
113410259,4,2,0
113410989,6,3,1
113411112,5,3,1
113412941,0,2,1
113420152,7,3,0
113422650,7,2,0
113422834,0,1,0
113432900,5,3,0
113438090,6,3,2
113438731,4,3,3
113444091,2,3,1
113450078,5,3,0
113462340,4,3,0
113466713,7,2,0
113469544,4,3,1
113470186,6,3,0
113471372,4,3,0
113473543,5,3,2
113475964,7,3,0
113476135,8,3,3
113477966,5,3,0
113478489,0,1,0
113480586,2,3,0
113482136,6,3,0
113482603,0,3,0
113486027,5,3,0
113494015,6,3,0
113495671,4,3,1
113501034,6,3,0
113503534,6,3,1
113503891,3,4,0
113513458,5,3,0
113516577,4,2,0
113519143,5,3,3
113526609,4,2,0
113536127,3,3,0
113537530,6,3,0
113539144,5,3,0
113541257,7,3,3
113552454,6,2,2
113556630,7,3,0
113557577,4,3,1
113558768,2,3,0
113560598,7,2,1
113564924,4,3,0
113573536,6,3,2
113585410,8,3,1
113596409,6,3,0
113596500,6,3,0
113600683,7,3,0
113610597,6,3,2
113614069,5,3,1
113617974,4,3,0
113622446,5,3,0
113625660,4,3,1
113627462,0,3,3
113627611,2,3,0
113627796,6,3,1
113644444,6,3,1
113655146,5,3,0
113662687,6,3,0
113662747,5,3,0
113663936,0,2,2
113664946,0,0,0
113665130,3,3,0
113667277,6,3,0
113667529,3,3,0
113672320,5,3,0
113677529,5,3,1
113678699,5,3,0
113684123,5,3,0
113684225,3,3,1
113688082,5,3,2
113690145,5,3,0
113691920,5,3,1
113692622,3,3,0
113697317,7,3,0
113699885,5,3,0
113700287,6,3,0
113701733,7,3,1
113705266,5,3,0
113706363,1,3,0
113708386,6,3,0
113714135,0,0,0
113716144,5,3,0
113726551,4,3,2
113728749,4,3,0
113730605,6,3,3
113732766,4,3,0
113733510,5,3,2
113765734,6,3,3
113774119,3,3,0
113775028,5,3,0
113783535,8,2,0
113786582,3,3,1
113817337,5,3,1
113826623,6,3,1
113827509,7,3,0
113835001,4,3,0
113841403,5,3,0
113854244,8,3,0
113856035,0,3,0
113856766,5,3,3
113867417,6,3,0
113881203,6,3,0
113892073,4,3,0
113897992,7,3,1
113903936,5,3,0
113923931,5,3,0
113924926,7,3,0
113926351,6,3,0
113928943,5,2,0
113934430,5,3,0
113940953,6,3,0
113944969,5,3,0
113950360,6,3,0
113952666,3,3,3
113952812,4,3,0
113957618,6,3,0
113958054,7,3,0
113959425,4,3,1
113964645,6,4,1
113965530,0,0,0
113972715,3,3,0
113972888,7,3,3
113973326,6,2,0
113974073,4,3,1
113975105,2,3,0
113977779,4,3,0
113978357,6,3,1
113983740,6,3,1
113988397,6,3,3
113994445,7,3,0
113997365,7,3,0
114003589,4,3,0
114008487,6,3,2
114014540,0,3,3
114036342,5,3,0
114042076,0,2,1
114045029,7,3,0
114045515,0,3,1
114046193,7,3,1
114059771,0,2,2
114067798,6,3,0
114069249,7,3,0
114079653,5,3,0
114081057,5,3,2
114082664,7,3,0
114082749,6,3,0
114083001,3,3,1
114095473,7,3,0
114100296,7,3,1
114103662,7,3,0
114111892,0,3,0
114118036,4,3,0
114118993,4,3,0
114119291,0,3,0
114123107,5,3,0
114124086,5,3,2
114124504,10,3,0
114132089,0,3,1
114143247,0,3,0
114143263,0,2,0
114143340,0,1,0
114143814,6,3,0
114144450,2,3,1
114147114,4,3,2
114151888,6,3,1
114152015,4,3,0
114155091,3,3,2
114164459,5,2,0
114169131,5,2,0
114178081,6,2,2
114183073,6,3,2
114187791,5,3,0
114188258,6,3,0
114193354,6,3,1
114193362,5,3,1
114194042,5,3,0
114195055,4,2,0
114199579,5,3,0
114199754,5,3,1
114206356,4,3,1
114216489,6,3,0
114221743,5,2,0
114222375,10,3,0
114228486,6,3,0
114233936,5,3,1
114234473,8,3,0
114244029,5,3,0
114250435,5,3,2
114253602,3,3,3
114254592,6,3,0
114258009,7,3,1
114267566,0,2,1
114272888,10,4,0
114289717,6,3,0
114292516,4,3,0
114296253,4,2,0
114299355,6,2,1
114300326,4,2,3
114300818,0,3,1
114305210,3,2,3
114307814,6,3,1
114308002,5,3,0
114315093,6,2,0
114317093,6,3,0
114317714,0,2,0
114317873,4,3,1
114320307,7,3,0
114323163,10,3,1
114326102,7,3,0
114326730,5,3,0
114327739,6,3,0
114328182,6,3,0
114328960,6,2,1
114331570,6,3,0
114334094,4,2,0
114334113,0,1,0
114344641,6,3,0
114346924,8,2,0
114354735,4,3,0
114361419,7,3,1
114362459,4,4,0
114371654,9,3,0
114372231,7,3,1
114374878,7,3,1
114375123,7,3,0
114387730,0,4,0
114387948,0,1,0
114387953,0,2,0
114392390,4,2,2
114402257,6,3,0
114406106,6,3,0
114409734,7,3,0
114417085,6,3,0
114417499,6,3,0
114423577,0,3,0
114433177,4,3,1
114440772,5,3,0
114442665,5,2,2
114444790,4,3,0
114445517,5,3,0
114455806,5,2,0
114473233,4,3,0
114474799,4,3,0
114475303,7,3,3
114485646,6,3,0
114486962,5,3,0
114487986,6,3,1
114498492,6,3,1
114499467,5,3,0
114503151,10,3,0
114503452,6,3,0
114514753,6,3,0
114520701,5,3,0
114522442,8,3,0
114525189,7,3,0
114526539,3,2,1
114530817,5,3,0
114538023,5,3,0
114551249,6,3,0
114562647,4,2,1
114563426,5,3,0
114565941,6,2,0
114581917,4,2,0
114584126,5,3,1
114585187,0,1,0
114591615,6,3,0
114600892,6,3,3
114604082,7,3,0
114607627,7,3,0
114609340,5,3,0
114613822,4,3,0
114617942,3,3,2
114623629,6,3,0
114630020,5,3,1
114630177,5,3,2
114634016,5,3,0
114635534,5,3,1
114639605,2,3,0
114640741,5,3,0
114642266,6,3,0
114646775,6,4,0
114654233,3,4,0
114656408,4,3,0
114661875,3,3,2
114661961,6,2,1
114663196,7,2,0
114671138,0,0,0
114671159,0,0,0
114671230,0,0,0
114675158,5,3,0
114683235,2,3,0
114684521,4,3,0
114691216,5,3,0
114694142,2,3,0
114694198,8,3,0
114694489,6,3,0
114695478,5,3,0
114696839,4,3,0
114705337,7,3,0
114706305,3,3,0
114706371,5,3,0
114708121,7,3,0
114709715,8,3,0
114714146,6,3,0
114719946,4,3,0
114725296,7,3,0
114730738,6,3,0
114732558,6,2,3
114732967,4,3,0
114734643,4,2,2
114740582,7,3,0
114742643,5,3,0
114746091,6,3,0
114751565,8,3,0
114762042,6,3,1
114765715,7,3,0
114766435,7,3,0
114769277,5,3,0
114770103,6,3,0
114778649,5,3,0
114783530,7,3,1
114787390,0,3,1
114787674,5,3,0
114787910,6,3,1
114788750,5,3,0
114797926,7,3,0
114799926,3,3,0
114803982,3,3,2
114811586,7,3,0
114811762,5,3,1
114812734,6,3,0
114820619,5,3,0
114821371,5,3,2
114823169,6,3,1
114826113,4,3,0
114829279,7,3,3
114830268,5,3,0
114836832,5,3,0
114842424,5,3,1
114846358,0,3,0
114851159,7,3,1
114856063,7,3,2
114857403,10,3,0
114869003,6,3,1
114869219,4,3,0
114869779,0,3,0
114870975,6,3,0
114874774,6,3,0
114878077,8,3,0
114882634,7,3,3
114889224,7,3,3
114892854,5,3,0
114903912,4,3,0
114911000,7,3,1
114924096,5,3,0
114927164,0,3,1
114934620,8,3,0
114941676,5,3,0
114943704,6,3,0
114945917,7,3,0
114946373,5,3,1
114949022,3,3,1
114950647,5,3,0
114951040,6,3,0
114952450,7,2,0
114957655,5,3,0
114966730,7,3,0
114971427,6,3,0
114975980,5,3,0
114981198,5,2,0
114982603,3,3,0
114983592,4,3,2
114985464,6,3,0
114986552,7,3,0
114992264,4,3,0
114993247,8,3,0
114998369,7,3,0
115004433,7,4,1
115006850,7,3,0
115008473,6,3,0
115009689,3,2,0
115010783,9,3,0
115017668,4,2,0
115018298,5,4,0
115019643,0,3,3
115025141,5,3,1
115026672,3,2,1
115027650,6,3,0
115029248,6,3,1
115035764,7,3,1
115037817,5,2,0
115038175,4,2,1
115040914,7,3,0
115042254,7,2,0
115042374,7,3,0
115051460,3,3,3
115052241,5,2,1
115052697,0,3,1
115055948,5,2,0
115059239,0,3,0
115060619,5,3,0
115064619,6,3,1
115067333,8,2,1
115069808,7,2,0
115070574,7,3,1
115071132,3,3,1
115073818,8,3,2
115090035,5,3,0
115090507,6,3,1
115096662,4,3,0
115097952,7,2,0
115104910,4,2,0
115109561,0,1,0
115111322,5,3,0
115117225,6,3,0
115127423,0,3,0
115132215,3,2,0
115135408,9,3,0
115135777,5,3,0
115159515,3,3,0
115166413,4,2,1
115168247,6,2,0
115169052,4,3,0
115171142,6,3,0
115171378,6,3,0
115172167,6,3,3
115177970,4,3,1
115193929,4,2,3
115197369,4,2,2
115203074,7,3,0
115210145,5,2,2
115210770,8,3,0
115214341,6,3,1
115217993,4,4,0
115236471,8,3,0
115237269,5,3,0
115244689,6,3,0
115246966,7,3,0
115252763,4,3,1
115254202,8,3,0
115255618,7,3,0
115262490,7,4,0
115271258,5,3,1
115277626,6,3,0
115277670,7,3,1
115295553,7,3,0
115303757,7,3,0
115304729,6,3,1
115305577,3,3,0
115306243,5,2,0
115317154,0,3,0
115320619,5,3,0
115323699,8,3,1
115328953,5,3,0
115331393,6,3,0
115350445,0,2,1
115356138,7,3,0
115356656,3,2,1
115359888,8,3,0
115360346,7,3,2
115364391,7,3,0
115364410,5,2,0
115364489,7,2,0
115367537,5,3,2
115367826,4,2,1
115370000,7,2,0
115381671,6,3,0
115390023,8,3,0
115390912,6,3,0
115399556,6,3,0
115400489,4,3,0
115401040,5,3,0
115401182,5,3,0
115401611,3,4,1
115403077,5,3,0
115406729,4,3,0
115410769,4,3,0
115418853,4,3,2
115422259,5,2,0
115427400,5,3,0
115431461,4,3,0
115432120,7,3,0
115436691,6,3,0
115445962,7,3,0
115451587,7,3,0
115452438,8,2,0
115454967,5,3,0
115465732,6,3,0
115468524,0,3,0
115470641,7,3,0
115478422,0,2,0
115478480,5,3,1
115480693,4,3,2
115482604,5,3,1
115495381,5,3,0
115502562,0,3,0
115503769,5,3,0
115506992,6,3,0
115509102,4,3,0
115512658,5,3,0
115515687,3,3,0
115531984,5,2,0
115534216,5,2,0
115538045,4,3,2
115540991,5,3,0
115554061,6,3,1
115555266,5,3,1
115555536,5,3,0
115555608,0,3,0
115558836,6,3,0
115562940,6,3,0
115566483,7,2,0
115569990,6,3,2
115589228,6,3,0
115590812,6,3,1
115594631,3,3,0
115599205,9,3,1
115605030,6,3,0
115610274,8,3,0
115616466,6,3,1
115636527,7,3,0
115638138,7,3,0
115641620,6,3,0
115652984,7,3,0
115657422,5,3,0
115658583,3,3,0
115662535,4,3,0
115669757,4,3,1
115672493,6,3,2
115678794,5,3,0
115680738,6,3,1
115686278,6,2,0
115687487,7,2,1
115688378,5,3,0
115689021,3,3,0
115689622,0,3,1
115691296,7,3,0
115693120,6,2,2
115694715,0,3,2
115696715,7,3,0
115702744,3,3,1
115703899,0,2,0
115708728,6,3,0
115710733,4,2,1
115712942,4,3,1
115715101,7,3,0
115722650,3,3,3
115741776,0,1,0
115743336,6,3,1
115764296,5,3,1
115771023,4,3,0
115777930,5,3,0
115787473,6,2,0
115787484,4,3,3
115788907,0,3,0
115792696,5,3,0
115799256,5,2,0
115801484,6,3,0
115821697,0,3,0
115825481,6,3,1
115825602,4,3,0
115828593,5,3,0
115835604,5,3,1
115838899,6,3,0
115839818,6,3,0
115848554,5,3,0
115853122,7,3,0
115854208,6,3,0
115861889,6,3,0
115863780,7,3,0
115864578,6,4,0
115867730,10,4,0
115871983,8,3,0
115882697,6,3,0
115885670,5,2,1
115893511,3,2,0
115894223,6,3,0
115903108,8,3,0
115916509,8,3,0
115920532,5,3,0
115920999,6,2,0
115923559,6,3,0
115925645,0,3,0
115926798,9,3,0
115928263,5,3,0
115928480,4,3,0
115949306,0,3,0
115951972,6,3,0
115955342,5,3,0
115956596,3,3,0
115957268,2,3,0
115960588,6,4,0
115974893,6,3,0
115978002,0,2,0
115983461,6,3,1
115986537,5,3,0
115986604,7,4,0
116002146,8,3,0
116006589,5,3,0
116007458,6,2,0
116009035,7,3,0
116011817,7,3,0
116013698,5,3,0
116013827,7,4,0
116014900,7,3,0
116020934,8,4,0
116021302,3,4,0
116023943,6,3,0
116031501,5,3,0
116044047,5,3,0
116063450,3,3,0
116066478,5,3,0
116068288,7,2,0
116070008,4,3,0
116088743,4,3,1
116093605,7,3,0
116094939,5,3,0
116098188,7,2,0
116105907,4,2,0
116108520,4,3,0
116116117,8,4,1
116116450,6,3,0
116117360,6,3,0
116119068,0,3,0
116123460,5,3,0
116124907,6,3,0
116130471,4,3,0
116143702,2,3,1
116146513,5,3,0
116150342,6,3,3
116151941,6,4,0
116159577,7,3,0
116159768,8,3,0
116165938,5,3,1
116171471,5,2,1
116175877,7,4,0
116177905,4,4,0
116178055,5,3,0
116179371,7,3,0
116186682,8,4,0
116188095,6,4,0
116188766,3,3,0
116199258,4,3,0
116207465,7,3,0
116208622,5,3,0
116210172,7,3,0
116216328,4,3,0
116217418,3,3,0
116217763,6,3,2
116220527,7,3,0
116230518,5,3,0
116240394,8,4,0
116241008,7,3,0
116241717,6,3,0
116242413,7,3,0
116247119,2,3,2
116249335,7,3,0
116250952,9,4,0
116251667,5,3,1
116252152,4,4,0
116253711,6,3,0
116253949,6,3,1
116256120,5,4,1
116259724,4,3,0
116266508,6,4,0
116270313,6,3,0
116277806,6,3,2
116278345,4,3,0
116279144,8,3,0
116282849,7,3,2
116283388,6,3,0
116283838,9,4,0
116284483,6,3,0
116284518,5,2,0
116284632,3,3,0
116284755,8,4,0
116284799,9,4,0
116285250,4,3,2
116285414,8,3,0
116285653,6,3,0
116285869,5,4,0
116285876,7,3,0
116285912,8,4,0
116292313,6,3,0
116298962,5,2,0
116300965,5,3,2
116302806,5,3,0
116319796,2,3,3
116325684,0,3,0
116336279,6,3,0
116345188,4,3,0
116347118,3,3,0
116347530,5,2,0
116351092,7,3,2
116354249,7,3,1
116355504,6,4,1
116364219,4,2,0
116387913,6,3,0
116388685,4,3,0
116396411,4,3,1
116403548,4,2,0
116418173,5,3,0
116426846,6,3,1
116430287,5,3,0
116435853,5,3,0
116437515,5,3,1
116437829,5,3,0
116448283,6,2,0
116450719,6,3,0
116451456,7,3,0
116455260,7,3,0
116457484,0,0,0
116468962,1,3,0
116478871,5,3,0
116481511,7,2,0
116482839,4,2,2
116486868,4,3,0
116492437,6,2,0
116495123,6,2,1
116505284,6,3,2
116513509,1,3,0
116515569,0,3,0
116516145,6,3,0
116518980,5,2,1
116528409,5,3,0
116529622,6,3,0
116532658,2,3,0
116543185,0,3,0
116552717,1,3,0
116581776,0,3,0
116586350,5,3,2
116589730,5,2,0
116593782,4,3,1
116594200,5,3,0
116595171,0,1,0
116598795,5,2,0
116602781,6,3,0
116604297,6,3,0
116604801,5,3,0
116606180,6,3,0
116606950,6,3,0
116621080,7,2,0
116623582,6,3,0
116634995,0,4,1
116645417,5,3,1
116664288,6,3,1
116664460,0,2,0
116720096,5,3,1
116722367,0,2,0
116737108,7,3,0
116744224,6,3,2
116759960,7,3,1
116762725,6,3,0
116770383,4,2,0
116772388,3,3,0
116774453,7,3,0
116776010,2,2,0
116779922,7,3,1
116781395,3,3,0
116791791,8,4,0
116792102,5,3,0
116792752,5,3,0
116793897,5,2,1
116808488,8,3,1
116808728,6,3,0
116814750,3,3,0
116819631,6,3,0
116825339,0,3,0
116859734,4,3,0
116867449,6,3,0
116871532,4,3,0
116910505,8,3,0
116924100,7,3,0
116935133,5,2,1
116955777,0,3,0
116957663,5,3,1
116958755,7,2,0
116967710,5,2,1
116970801,5,3,0
116971307,7,3,0
116973221,6,3,1
116980457,6,3,1
116980638,6,3,0
116995906,6,3,0
117007601,2,3,0
117013371,0,3,0
117014417,6,4,1
117016891,4,3,1
117017095,6,3,0
117020339,7,3,0
117023298,3,3,0
117023612,6,3,0
117026624,7,3,0
117043292,7,3,0
117057391,7,3,0
117057534,6,3,0
117061368,5,3,0
117077311,5,3,0
117081648,7,2,0
117084862,7,3,1
117088693,5,3,0
117097912,5,2,0
117099016,7,3,0
117101096,7,3,0
117122134,6,3,0
117132459,10,3,0
117133770,7,3,0
117144281,6,3,0
117152032,3,3,0
117155369,1,4,0
117170599,2,2,0
117171480,0,3,0
117176701,6,3,0
117179605,1,3,0
117187860,4,3,0
117188179,0,2,2
117196143,4,3,0
117213782,0,0,0
117213939,0,0,0
117214073,0,0,0
117214075,0,0,0
117214076,0,0,0
117215411,5,3,3
117226880,7,3,0
117231652,6,3,1
117234010,5,4,0
117234331,7,3,0
117242557,0,2,0
117254746,6,3,1
117261782,4,3,1
117264888,5,3,0
117266456,0,3,0
117297021,6,3,0
117324953,0,2,0
117327032,6,3,3
117330018,6,3,0
117334213,7,2,1
117340974,7,3,1
117343739,4,3,3
117344543,4,3,1
117348265,5,2,1
117372340,7,3,1
117372341,8,3,1
117384959,5,3,1
117385714,6,3,0
117393449,2,3,1
117409669,6,2,0
117417372,7,3,0
117426226,5,3,3
117438980,5,3,1
117442254,5,3,2
117461674,0,2,0
117469681,5,2,0
117469772,5,2,0
117469818,5,3,0
117470014,0,1,0
117470411,6,3,0
117470744,0,2,3
117470924,3,3,0
117471332,5,2,0
117476673,5,3,1
117477675,6,3,0
117486078,6,3,0
117498400,0,2,1
117500246,0,2,2
117506174,1,3,0
117507843,4,3,0
117510428,6,3,1
117555789,2,3,0
117568672,6,3,0
117571719,5,2,0
117572293,6,3,2
117584367,8,3,0
117592440,3,3,2
117598117,3,3,0
117602397,6,3,0
117611325,7,3,0
117613815,9,3,0
117616451,6,3,0
117628342,5,3,0
117632240,5,3,0
117633664,5,3,0
117638093,0,3,0
117648795,4,3,2
117649612,5,2,0
117658307,7,3,0
117667639,5,3,0
117670939,0,3,0
117674984,4,3,1
117676403,5,2,2
117676715,3,3,2
117684881,5,3,0
117687608,4,3,3
117688855,3,3,0
117689280,7,3,0
117696452,4,2,1
117701402,7,3,3
117724225,5,2,3
117731721,7,3,1
117736808,7,3,0
117758780,6,2,0
117761075,5,3,0
117762520,0,3,0
117769627,5,3,0
117772057,6,3,1
117777029,4,3,0
117777545,6,3,0
117781836,7,3,0
117791817,5,3,1
117795717,5,2,1
117806927,5,3,0
117809030,6,3,0
117823553,0,3,0
117823588,5,3,0
117826374,6,2,0
117833779,0,3,0
117840119,5,3,1
117842506,7,3,0
117855782,3,2,0
117859828,4,3,0
117860804,3,3,3
117862307,1,2,0
117863513,6,2,0
117890420,7,3,2
117896942,6,3,0
117913055,5,3,3
117915881,5,2,0
117932477,2,2,0
117938092,7,3,0
117952606,7,3,0
117956300,7,3,0
117963802,6,3,0
117984612,6,3,0
117986772,6,3,0
117989239,6,3,0
117991855,2,3,0
118007772,6,3,0
118008095,6,3,0
118009848,0,3,0
118014244,2,3,1
118021661,4,3,0
118022648,3,3,0
118044572,6,3,0
118047616,6,3,2
118074058,5,3,2
118084390,0,2,0
118088385,5,3,0
118088846,5,2,2
118092578,2,3,0
118094063,7,3,1
118100753,6,3,0
118111099,5,3,1
118117974,5,3,0
118125605,7,3,0
118132082,4,3,0
118133166,7,3,0
118133740,3,3,0
118135023,5,3,0
118139646,7,3,0
118140240,6,3,0
118140281,3,3,0
118142015,7,3,0
118149464,5,3,2
118168394,5,2,0
118173507,6,2,0
118176675,5,2,0
118186843,6,2,1
118187052,0,3,0
118187476,7,3,0
118196659,4,3,0
118213899,0,3,0
118219462,7,3,0
118219764,5,3,0
118222561,5,3,0
118225189,6,3,1
118225865,7,3,0
118228380,4,3,0
118230883,2,3,1
118236999,6,3,0
118238465,5,2,0
118242048,0,0,0
118246566,5,3,0
118248138,1,4,0
118260443,7,3,0
118280683,0,2,0
118281212,6,3,0
118281588,6,3,0
118284440,1,3,0
118292492,5,2,0
118293668,5,2,0
118294135,7,3,0
118304214,8,3,0
118304456,6,3,0
118306906,6,2,0
118321735,7,3,0
118341989,5,3,0
118349774,4,3,0
118361938,3,1,0
118369255,7,3,0
118369472,2,3,0
118369586,10,4,1
118369599,6,2,0
118384106,6,3,0
118412402,5,3,1
118421692,7,3,0
118425774,8,3,0
118428266,5,3,0
118444270,6,3,0
118456641,4,3,1
118466788,7,3,0
118473343,7,3,1
118474443,5,3,0
118483625,6,3,0
118488565,7,3,1
118493119,7,3,0
118496411,5,3,1
118502385,4,2,0
118505448,6,3,0
118511212,7,4,0
118512584,7,3,0
118521604,5,3,0
118531509,4,3,0
118544241,6,2,0
118587816,8,3,0
118589020,8,3,0
118598467,6,3,3
118599714,2,3,3
118604918,7,3,0
118615648,7,3,2
118645719,5,3,0
118646990,5,2,0
118650622,0,0,0
118650798,5,2,0
118670478,5,3,0
118676474,7,3,1
118696314,5,3,1
118704242,0,1,0
118707432,6,3,0
118710085,4,3,0
118713348,7,3,0
118725241,5,2,1
118735196,5,3,1
118746854,0,1,0
118760587,6,3,0
118780888,6,3,0
118784717,7,3,0
118788154,5,3,1
118790480,4,3,1
118791558,0,0,0
118791560,0,0,0
118830625,4,3,0
118841233,5,2,0
118850563,5,3,1
118862249,6,3,0
118879544,6,3,0
118888620,8,3,0
118889525,6,2,0
118921030,6,3,1
118928403,0,0,0
118942686,5,3,0
118956750,5,2,0
118957480,8,3,0
118992181,5,2,1
118993504,3,3,0
119005510,5,3,0
119035528,4,3,0
119037136,6,3,3
119038240,0,3,0
119039405,0,3,0
119042294,7,3,0
119061245,4,2,0
119072854,3,2,3
119092326,3,4,0
119121339,3,3,2
119128669,6,3,0
119143748,7,3,0
119159375,7,3,0
119159637,1,3,0
119181043,4,3,0
119181718,3,3,2
119199059,6,3,0
119200908,5,2,0
119244403,3,2,1
119256318,5,3,1
119261425,6,3,0
119272728,5,3,0
119279130,7,2,0
119285718,6,3,1
119287792,5,3,1
119297889,7,2,1
119303733,6,3,1
119310002,5,2,0
119316915,3,3,0
119335402,6,3,1
119339535,7,2,0
119355508,7,3,1
119356644,4,3,0
119360576,5,3,0
119365575,0,3,0
119384050,6,3,0
119392045,3,2,1
119397750,5,3,1
119399899,5,2,0
119400897,0,3,0
119404041,5,2,0
119404525,6,3,0
119409723,7,3,3
119415631,6,3,0
119447537,6,3,0
119451638,4,3,1
119460619,4,3,0
119468515,0,3,0
119472673,5,3,2
119477121,5,3,2
119480611,6,3,0
119485631,6,3,0
119509455,5,3,1
119521888,0,3,0
119535515,6,2,0
119536048,0,3,0
119537345,0,3,0
119539935,5,3,0
119542989,4,3,2
119555856,6,2,0
119558429,8,3,0
119558541,7,3,0
119561450,7,3,0
119561595,3,3,1
119564623,3,3,2
119565684,6,2,0
119567238,6,2,0
119573740,6,3,0
119575841,5,3,0
119576214,3,3,0
119578302,6,4,0
119579491,6,3,0
119584866,7,2,0
119585155,5,3,0
119588350,6,3,0
119589760,2,3,0
119591064,5,2,0
119591172,5,3,0
119591639,0,2,0
119592107,5,3,0
119592444,6,3,0
119592731,6,3,0
119601492,2,3,0
119614017,4,2,0
119621663,6,3,0
119626554,6,3,1
119626781,5,3,0
119648813,6,3,0
119649251,4,3,0
119659969,4,1,0
119659970,4,2,0
119659972,4,2,1
119659973,4,2,0
119663875,3,2,0
119666711,7,3,1
119674411,0,3,0
119687860,8,3,0
119692336,5,3,1
119714783,5,3,0
119721660,2,3,0
119724283,5,2,0
119725283,6,3,3
119731730,6,3,0
119736727,3,3,1
119742515,7,3,0
119745683,3,2,0
119745685,4,1,0
119745686,5,2,0
119745687,4,2,0
119745691,5,2,0
119750971,6,3,0
119753728,2,3,0
119754905,8,3,3
119760315,3,3,0
119775474,4,3,0
119790190,7,3,0
119807251,7,3,0
119810060,5,3,0
119815704,7,3,0
119816308,0,0,0
119816794,6,3,0
119822051,8,2,0
119824170,0,3,3
119825124,5,2,0
119844765,5,3,0
119855067,5,3,0
119865659,0,3,0
119866421,0,1,0
119874275,6,3,0
119881969,6,3,0
119888899,3,3,1
119896839,5,2,1
119905847,3,2,0
119914368,6,2,0
119929436,4,3,1
119936873,6,3,2
119962997,4,4,2
119964852,4,3,0
119989074,7,3,0
119992339,8,3,0
120000001,6,2,0
120009380,0,0,0
120009383,0,0,3
120017324,6,3,1
120020287,5,3,3
120023139,6,3,0
120024407,4,4,0
120029653,2,3,0
120039362,6,3,0
120050281,4,2,0
120080108,6,2,1
120087000,6,3,0
120092528,4,3,0
120093301,4,2,0
120093307,4,2,1
120093313,4,2,0
120093362,4,2,0
120093969,4,3,3
120095223,7,3,0
120100480,5,2,0
120101195,5,2,3
120102431,6,3,0
120104218,6,3,2
120105874,6,4,0
120116072,7,3,1
120141292,6,3,1
120155758,5,3,0
120160310,3,2,0
120160311,4,2,1
120160322,3,2,1
120160326,4,2,0
120172445,0,4,0
120178696,4,3,0
120196657,5,3,0
120214525,8,3,0
120223060,7,3,0
120223979,6,2,0
120227196,0,0,0
120227452,5,2,1
120235465,6,3,3
120252872,5,2,0
120262782,0,3,0
120267575,4,3,0
120285958,0,2,0
120288027,0,2,0
120295417,6,3,0
120298674,7,3,1
120299653,5,3,0
120303929,4,2,0
120307028,5,2,0
120333300,5,3,0
120335644,0,2,0
120335651,4,2,0
120335655,5,2,0
120339746,6,3,0
120340477,5,3,1
120365743,8,3,0
120367415,5,2,0
120367460,5,2,0
120367462,5,2,0
120367463,5,2,0
120367464,4,2,1
120367620,4,2,0
120381190,5,2,0
120381623,6,3,0
120394572,4,2,0
120397124,0,2,0
120400551,6,3,2
120406650,7,2,0
120409348,5,3,0
120423457,5,2,1
120430534,1,3,0
120436485,3,3,2
120438233,6,3,0
120441233,8,3,0
120455599,4,2,0
120461238,0,3,0
120467422,8,3,0
120469317,6,3,0
120481082,7,3,0
120500792,6,2,0
120502729,3,2,2
120505151,4,3,0
120516152,6,2,2
120520978,5,3,0
120522104,4,3,1
120536188,8,3,0
120536977,5,3,2
120557408,4,2,0
120566458,5,3,1
120566823,3,3,0
120576549,5,2,0
120577668,5,3,2
120592319,2,2,2
120592519,5,3,0
120594660,6,2,0
120595856,5,3,0
120600254,4,3,0
120609874,0,3,1
120611482,6,2,0
120611768,4,3,1
120621931,7,3,0
120647944,0,1,0
120657063,6,3,0
120662221,7,3,0
120665636,6,3,1
120671189,7,3,0
120678658,5,2,0
120678785,4,3,0
120679939,6,2,0
120686349,4,2,0
120696789,7,3,0
120717289,0,3,0
120735348,5,3,0
120742830,6,3,0
120743242,3,2,0
120756398,4,2,0
120760623,6,2,1
120769428,5,2,0
120774436,4,2,0
120783527,4,3,0
120790397,6,3,1
120793720,5,3,3
120795698,4,3,0
120805120,6,2,0
120806227,5,2,0
120808342,5,2,0
120810695,7,3,0
120813189,5,3,1
120816475,6,3,0
120828885,5,3,1
120847834,5,3,1
120851871,5,3,0
120857458,2,3,0
120858096,5,3,0
120859159,6,3,0
120894374,5,3,0
120913756,6,2,0
120915766,6,3,2
120925296,8,3,0
120939548,6,2,0
120940810,5,3,0
120949999,4,2,0
120956282,5,3,0
120990863,6,2,1
120998096,6,3,0
121006130,5,3,1
121008671,8,2,0
121010575,6,3,0
121034038,6,2,0
121052836,5,2,0
121057133,8,3,0
121057633,7,2,0
121060897,6,3,0
121066742,5,3,0
121066774,6,3,2
121068481,5,3,0
121068801,6,2,0
121068918,3,3,0
121073987,3,2,0
121074145,3,3,0
121085479,5,3,0
121100102,6,3,3
121104059,6,3,0
121106687,3,3,1
121106991,0,2,0
121116912,5,3,0
121121518,6,2,0
121127640,6,3,0
121128194,6,3,1
121129490,6,3,0
121138068,2,3,1
121149635,5,2,0
121169434,5,2,0
121179652,5,2,0
121183735,5,3,2
121184518,0,3,0
121201080,5,2,0
121201442,6,3,0
121201623,7,3,1
121203640,2,2,0
121205788,5,3,0
121206105,6,3,0
121206155,2,3,0
121213261,7,3,0
121214887,7,3,1
121219439,5,3,1
121243332,6,3,0
121248081,4,3,0
121253583,4,3,0
121254124,6,3,2
121259665,6,3,0
121266197,6,3,0
121276910,6,2,0
121298165,7,3,0
121309202,7,2,0
121311964,6,3,0
121318313,9,3,0
121326945,4,2,0
121327398,5,3,0
121334855,6,3,2
121335084,6,3,0
121344401,7,3,0
121345028,7,3,0
121348464,3,3,2
121350039,6,2,0
121350060,3,3,1
121352491,7,3,0
121365961,6,3,0
121376007,6,3,0
121382432,0,2,0
121390250,6,3,0
121393523,6,3,1
121400042,7,3,0
121400315,7,3,0
121402782,4,3,0
121402802,6,3,0
121403155,5,3,0
121405879,3,2,0
121424623,7,3,1
121428017,5,3,2
121434673,5,3,0
121436556,7,3,0
121440678,6,3,0
121450170,0,2,0
121451043,0,2,0
121454848,4,3,0
121470991,5,3,1
121472100,2,3,0
121489501,4,3,0
121498910,5,3,0
121516347,5,2,1
121522715,6,3,0
121526115,6,3,0
121534272,4,3,1
121538377,7,2,0
121539450,4,3,0
121570075,4,3,0
121576435,5,3,0
121593215,6,3,1
121598181,6,3,0
121601304,0,3,3
121602190,3,3,0
121604913,5,3,0
121605501,6,3,0
121647879,4,3,0
121660447,5,2,0
121660450,7,2,0
121660462,5,2,0
121660466,5,2,0
121662747,5,2,0
121670184,6,3,3
121674980,7,3,0
121687926,3,3,0
121695951,6,3,1
121698427,8,3,0
121703237,7,3,0
121710395,0,1,0
121720903,3,2,2
121725928,0,3,0
121726661,5,3,1
121728231,5,3,2
121733640,5,3,1
121735317,6,2,0
121738941,2,3,0
121739428,5,4,0
121740455,8,3,0
121740755,7,3,0
121760116,3,3,3
121795367,6,3,1
121801872,5,2,0
121804565,6,3,0
121806626,7,3,0
121811320,5,3,2
121811878,0,2,0
121812914,4,3,0
121813825,5,2,0
121834379,6,3,0
121853502,6,2,0
121853564,0,2,0
121862399,5,3,0
121862924,7,3,1
121872444,0,3,0
121874871,6,3,0
121880162,6,3,0
121881316,5,2,0
121883323,9,3,0
121907626,6,3,3
121909036,6,3,0
121920769,0,3,0
121929639,6,2,0
121929994,3,3,1
121930473,3,3,0
121941008,5,3,3
121941057,3,2,1
121941065,4,2,0
121941097,4,2,0
121941109,5,2,0
121944023,6,3,0
121956217,6,3,0
121960391,5,2,0
121973056,6,3,0
121977134,5,3,0
121982510,8,3,0
121990469,5,3,0
121991702,5,3,1
121996863,4,3,0
122008015,4,3,2
122008940,5,2,0
122011251,6,3,0
122015367,4,3,0
122032692,6,3,0
122052336,4,2,0
122055156,4,2,0
122055158,4,2,0
122055161,5,2,1
122055165,6,2,0
122071146,5,3,0
122072226,3,3,0
122072947,5,2,0
122072971,5,2,0
122081358,5,3,0
122081715,4,3,0
122082260,6,3,0
122087213,7,3,0
122088389,5,3,0
122088394,5,3,0
122092696,5,3,0
122103303,6,3,0
122106634,7,3,0
122107180,4,2,0
122120535,4,2,0
122123517,8,3,0
122124007,6,3,1
122133240,5,2,0
122135726,0,3,3
122152390,6,3,1
122156546,6,3,0
122183218,7,3,0
122184029,6,3,0
122189757,6,3,0
122191687,5,2,0
122203268,6,3,0
122214432,7,3,0
122233077,6,3,0
122249114,5,3,0
122259757,4,3,0
122261079,6,2,0
122262048,6,3,0
122275711,2,2,0
122286082,6,3,1
122298126,4,3,2
122301878,0,3,0
122317977,3,3,0
122318243,5,2,0
122319136,5,3,2
122344703,6,3,0
122350322,2,3,0
122355833,5,3,1
122368744,7,3,0
122379573,5,3,1
122380126,5,2,0
122389294,6,3,0
122393790,5,3,0
122398162,5,3,0
122401171,2,3,0
122402741,4,2,0
122403787,6,2,0
122414046,0,0,0
122418071,5,3,1
122431524,6,3,1
122438507,6,3,0
122442812,5,3,0
122445259,7,4,0
122453225,2,3,3
122464168,5,3,0
122477505,3,3,0
122480540,7,3,0
122494024,4,3,0
122503359,5,3,1
122509805,6,2,0
122511713,7,2,0
122523854,5,2,0
122534128,0,3,0
122542819,4,3,0
122545424,7,3,0
122555108,5,2,1
122556448,4,3,3
122556960,7,2,0
122557429,5,3,0
122560174,6,3,0
122571357,5,3,0
122580865,7,3,0
122615086,6,3,1
122623019,6,3,0
122627644,6,2,0
122632358,6,2,0
122634159,6,2,0
122641039,5,3,0
122642173,5,2,0
122646489,5,3,0
122646540,5,4,0
122650457,5,3,0
122651834,5,2,0
122684295,6,3,0
122694650,7,3,0
122694951,5,3,1
122695093,5,3,0
122725655,5,2,0
122763248,5,2,0
122795984,3,3,0
122798362,6,3,0
122800646,6,3,0
122800811,5,3,3
122812463,6,3,0
122815613,4,3,1
122816477,5,2,2
122825575,7,3,3
122833059,5,2,2
122843188,5,3,2
122863867,8,3,0
122880088,0,3,1
122900939,5,3,0
122906525,7,3,1
122912853,7,2,1
122931552,6,3,0
122941938,5,2,0
122942380,3,2,0
122946446,6,3,0
122966663,7,2,0
122970925,7,3,0
122972693,7,3,0
122977184,7,3,1
122984108,7,3,0
122987642,6,3,0
122991492,7,3,1
122998956,7,3,0
122999600,7,2,0
123000006,5,3,1
123038292,6,2,0
123040798,7,3,0
123042456,2,3,0
123044421,7,3,0
123051297,6,3,0
123076016,7,3,0
123085562,6,3,1
123093049,4,2,0
123093823,4,2,1
123094259,5,2,0
123134751,4,3,1
123142316,7,3,0
123145450,5,3,0
123148020,6,3,0
123152045,5,3,0
123157613,0,3,0
123168946,2,3,1
123169423,7,3,0
123179550,2,3,0
123190806,5,3,0
123193540,3,4,0
123196942,5,3,0
123217747,5,2,0
123219908,5,2,1
123235821,5,2,1
123244016,7,2,0
123256186,6,2,0
123262299,5,2,1
123265418,0,3,0
123268355,7,3,0
123268488,7,3,0
123278889,6,3,0
123279679,6,3,0
123287979,7,3,0
123293572,5,3,0
123307070,7,3,0
123313585,6,3,0
123329801,6,2,0
123358937,1,4,0
123360052,3,3,0
123376584,8,3,0
123379022,6,3,0
123388403,10,3,0
123389572,5,3,0
123409007,8,2,1
123441642,0,2,0
123460576,6,2,0
123464470,4,3,1
123489960,0,3,0
123498258,6,2,2
123504315,7,3,0
123507479,5,3,1
123529066,10,3,0
123531173,6,3,0
123543536,6,3,0
123549776,0,1,0
123554285,0,2,1
123566789,6,3,0
123567572,5,3,0
123568993,3,3,3
123569654,5,3,2
123570988,4,3,0
123572783,5,3,2
123583948,5,3,0
123586509,5,2,0
123587880,6,2,0
123617892,6,3,0
123623038,7,3,2
123625846,7,3,0
123643468,5,2,0
123644150,4,3,1
123645003,6,2,1
123653516,4,3,0
123665230,7,3,0
123667406,5,2,0
123688629,5,3,0
123698750,7,3,0
123700542,4,3,0
123732453,5,3,2
123749644,4,3,0
123757284,5,2,0
123786521,8,3,0
123789651,6,3,0
123799878,7,3,0
123804190,4,2,0
123805472,4,2,0
123812618,3,3,0
123813393,5,2,0
123815846,6,3,0
123836303,5,2,0
123844623,6,3,0
123846915,4,2,0
123855055,8,3,0
123861148,2,3,0
123873320,6,3,0
123881540,7,3,0
123899290,7,3,0
123899905,4,2,1
123910363,6,3,0
123910712,6,3,2
123913874,6,3,1
123914605,3,3,1
123918072,6,3,0
123924636,5,3,2
123926083,10,3,0
123940513,3,4,0
123949944,5,3,0
123953016,6,3,0
123959056,7,3,0
123963454,0,3,1
123964626,7,3,0
123978613,3,3,1
123982263,3,4,1
123993578,4,3,3
123995573,5,3,0
124007458,5,3,1
124015251,5,3,0
124021936,7,3,0
124022423,6,2,0
124024246,5,3,0
124032900,7,3,0
124035333,5,2,0
124081187,7,3,0
124088251,6,3,0
124096390,3,3,0
124107146,0,2,0
124112653,6,3,0
124117091,6,3,2
124117690,6,4,1
124118248,2,2,0
124127882,5,3,0
124128753,7,3,0
124135571,10,4,0
124136322,6,2,2
124145013,7,4,0
124146044,0,3,1
124147115,7,2,1
124149606,4,3,0
124160308,4,2,1
124190325,4,3,2
124195725,5,2,0
124198734,5,3,1
124203056,6,3,0
124209932,7,3,2
124219109,6,3,0
124225900,6,3,0
124237602,1,3,0
124244492,6,3,0
124254495,7,2,0
124277712,6,3,0
124286923,3,2,1
124296528,6,3,0
124296625,5,2,3
124326394,5,3,0
124331840,5,3,1
124334324,6,3,0
124338899,0,0,0
124338902,0,0,0
124338992,0,0,0
124339110,0,1,0
124339406,0,0,0
124339458,0,0,0
124339653,0,1,0
124339655,0,0,1
124339656,0,1,1
124339658,0,1,0
124341439,2,3,0
124344179,8,3,0
124344339,7,3,0
124374562,4,3,1
124390836,5,2,0
124411410,5,3,0
124412845,0,3,0
124428752,6,3,0
124436253,0,3,0
124447341,7,3,3
124449784,7,3,0
124449955,4,3,0
124453935,0,2,1
124454104,4,2,0
124454149,0,2,1
124454211,5,3,0
124469014,8,3,0
124469148,0,3,0
124473436,6,3,1
124474575,6,3,0
124476352,7,3,0
124510142,5,3,0
124512027,0,0,0
124514901,7,3,0
124514946,6,3,0
124516240,4,3,1
124523351,4,3,2
124528850,7,3,0
124551124,5,3,0
124555969,8,3,0
124557950,6,2,0
124560276,6,3,0
124561796,6,2,0
124562581,5,3,2
124579795,6,3,0
124585007,6,3,0
124585029,10,3,0
124585052,3,3,1
124585055,7,3,0
124586007,5,3,1
124586208,7,3,0
124590156,6,3,3
124593008,3,3,0
124593690,6,3,1
124594674,7,2,0
124594895,7,3,0
124596723,5,3,1
124597580,8,3,0
124606853,5,3,0
124611676,5,3,1
124638756,5,3,1
124643033,5,2,1
124648000,3,3,0
124649506,3,3,0
124654600,6,3,0
124656045,7,3,0
124660170,3,3,0
124680552,2,3,0
124695138,3,2,1
124695572,4,3,0
124696407,7,3,0
124698878,8,4,0
124699094,6,3,0
124705269,5,2,0
124709696,8,3,0
124732401,4,3,0
124744667,8,3,0
124748859,3,3,0
124755745,5,3,0
124789567,7,2,0
124793652,6,3,0
124802235,6,3,1
124810321,6,3,0
124822180,5,3,0
124833147,5,2,0
124834285,7,3,0
124846023,1,4,0
124856605,7,3,0
124867052,3,2,0
124875837,6,3,0
124877131,4,3,2
124890690,0,3,0
124894704,6,3,0
124907351,4,2,1
124928969,5,3,0
124931788,8,3,0
124935135,6,3,0
124944074,6,2,0
124956945,6,3,1
124976367,6,2,0
124986650,5,3,2
124989909,7,3,1
125001191,7,3,0
125023624,5,3,0
125048056,7,3,0
125061748,5,2,3
125065052,6,3,0
125068279,6,3,0
125108293,6,3,0
125119224,5,3,1
125129370,7,3,0
125134473,7,3,0
125134751,8,3,0
125139477,5,3,0
125148305,7,3,0
125148845,5,2,0
125162459,7,2,0
125164542,6,3,0
125172367,6,3,3
125182392,6,3,3
125185231,7,3,0
125193443,6,3,0
125196566,5,3,0
125227115,6,3,0
125253826,5,3,1
125256676,7,3,1
125263791,4,3,0
125275368,5,3,3
125296549,8,3,0
125300253,7,2,0
125306142,8,3,0
125330891,6,3,1
125347619,7,3,0
125350432,8,3,0
125360841,4,3,0
125362367,6,2,0
125362733,6,2,0
125383967,4,3,0
125387952,7,3,0
125392761,6,3,1
125398809,7,3,0
125399459,6,3,1
125399587,4,3,2
125400857,7,3,3
125401110,7,2,0
125402628,6,3,3
125405190,6,3,0
125406105,6,3,3
125411461,6,3,0
125430694,7,2,0
125435060,7,2,0
125438450,5,3,1
125444078,7,2,0
125447476,5,3,0
125456798,7,3,0
125486542,5,3,0
125493429,4,2,0
125495372,9,3,0
125496223,6,3,1
125502513,5,3,0
125509522,6,3,0
125533398,5,3,0
125542137,8,3,0
125546989,6,2,1
125556647,7,3,0
125562063,6,2,0
125562246,8,2,0
125562578,4,2,1
125562658,7,3,0
125601191,8,3,0
125625292,7,3,1
125640225,5,3,1
125648048,7,2,0
125677364,7,3,0
125679017,3,3,0
125679841,7,3,0
125682894,7,2,0
125683526,5,3,0
125683552,7,2,1
125687993,7,3,0
125690451,4,4,1
125702435,0,1,0
125711261,7,3,1
125718562,7,3,1
125724073,7,3,3
125726090,6,3,0
125734472,7,3,0
125740845,8,3,0
125743227,7,2,0
125761334,6,3,0
125773278,2,3,0
125778073,2,3,0
125787393,7,3,0
125809092,6,2,0
125811184,3,3,1
125817449,6,2,0
125820785,6,3,0
125851840,5,3,0
125852863,5,2,1
125853627,5,2,0
125856558,5,3,0
125857124,6,3,0
125859304,5,3,0
125867048,5,3,0
125867338,5,2,1
125888005,3,2,0
125890310,7,3,0
125921446,5,2,0
125923654,3,3,0
125938656,6,3,0
125950040,7,3,0
125951971,6,3,0
125952199,5,2,0
125975295,6,3,1
125988437,5,3,0
125991977,5,3,0
125994364,1,4,0
125996510,5,2,0
125997654,5,3,1
126001127,5,3,1
126013378,5,2,0
126016291,5,3,0
126018449,6,3,0
126022296,7,3,1
126029753,7,3,0
126030005,8,3,1
126032899,5,3,0
126034937,5,3,1
126037045,5,3,0
126042163,5,3,0
126046486,6,3,0
126050547,7,3,0
126065063,5,3,0
126074279,5,2,1
126074664,5,3,0
126076697,6,3,0
126087584,3,3,0
126092339,6,3,0
126093476,5,2,2
126094004,6,3,1
126109576,4,3,0
126112481,4,3,0
126113000,4,3,0
126116445,3,3,0
126122100,7,2,0
126137627,5,2,0
126139293,5,2,0
126140813,6,3,0
126142324,5,3,0
126163294,5,2,0
126164346,6,3,1
126174493,6,3,1
126174866,4,3,2
126177336,6,3,0
126181863,7,3,0
126184056,5,3,1
126184588,5,2,0
126193958,0,0,0
126196572,5,3,2
126198320,7,2,0
126198696,6,3,0
126199651,1,3,0
126201052,8,3,1
126203596,0,1,0
126205745,0,3,0
126216132,6,3,0
126220343,6,2,0
126220405,5,2,1
126235792,6,2,0
126238656,5,3,1
126243763,1,3,0
126243788,6,3,0
126244446,0,3,0
126251292,5,2,0
126253392,6,3,0
126275968,0,0,0
126279460,5,3,0
126283021,8,3,0
126290220,4,3,0
126299994,7,3,1
126302920,5,3,0
126306546,6,2,0
126309951,7,2,0
126310764,5,2,2
126318552,1,4,0
126336034,6,3,1
126365388,5,3,2
126367203,7,3,3
126372489,7,3,0
126375867,9,3,0
126379360,7,3,0
126380204,6,3,3
126380634,5,3,0
126388916,5,2,0
126397880,7,3,0
126404095,2,2,0
126413335,6,2,0
126425074,7,3,0
126431669,4,3,0
126433319,6,3,0
126435898,5,2,0
126438805,3,3,0
126443813,4,2,0
126447106,7,3,0
126447964,0,0,0
126448053,0,2,0
126448238,0,1,0
126448323,0,0,0
126456673,4,3,3
126458422,8,3,0
126463992,6,3,0
126477591,0,2,1
126490911,5,2,0
126490975,6,2,0
126490978,1,2,0
126491786,5,2,0
126495781,7,3,0
126496605,7,3,1
126503108,3,3,0
126504426,4,2,0
126504640,6,3,0
126506174,6,3,1
126508052,6,3,0
126508398,7,3,0
126508835,7,2,0
126522080,0,2,0
126532621,6,2,0
126533720,7,3,0
126533961,5,3,0
126537341,3,3,0
126537389,6,3,0
126539075,6,4,0
126540727,5,3,1
126566312,6,3,0
126577967,5,2,2
126577972,8,3,0
126583128,0,1,0
126584191,6,3,0
126588913,8,3,0
126590438,3,4,0
126593177,6,3,0
126595085,2,2,1
126608539,6,3,1
126626719,6,3,0
126627035,5,2,2
126628832,6,3,1
126629941,7,3,0
126630383,5,3,2
126636730,6,3,3
126637374,6,3,0
126642352,7,3,0
126650708,5,3,1
126654073,4,3,1
126656006,0,1,0
126657726,2,3,0
126673774,5,2,3
126673961,7,3,0
126682088,0,1,0
126685085,7,3,2
126688450,4,3,0
126689724,5,3,0
126690274,6,3,0
126691750,5,3,0
126692175,6,3,0
126692969,5,3,0
126694842,4,4,0
126699074,6,3,0
126701122,6,2,0
126707347,6,3,0
126708172,6,2,0
126709513,6,2,0
126712149,7,2,0
126729265,6,3,0
126745897,5,4,0
126754110,4,3,1
126755373,5,2,1
126762293,5,3,0
126762498,8,2,0
126767560,6,3,2
126769997,5,2,0
126774196,0,3,0
126776080,7,2,0
126784822,3,3,0
126786936,3,3,0
126799633,6,3,0
126806478,6,2,0
126813766,5,3,0
126813767,4,2,0
126813872,6,3,0
126817443,7,3,1
126818994,5,3,0
126822633,7,3,0
126829898,7,3,0
126830294,5,3,0
126831900,5,4,0
126850117,4,2,1
126850701,6,3,0
126857498,8,3,0
126859081,5,3,0
126864948,8,3,0
126866677,3,2,0
126872587,4,2,0
126897066,4,2,3
126901062,6,3,1
126902551,7,3,0
126927338,6,2,0
126933254,7,2,0
126937250,2,3,0
126939667,7,3,0
126944216,6,3,0
126947431,2,3,1
126950708,8,3,0
126956669,6,3,0
126957675,6,3,0
126958159,6,3,0
126961317,3,3,1
126961949,6,2,0
126962184,7,2,0
126963921,0,4,0
126965294,7,3,0
126965344,5,3,0
126967857,7,3,1
126967974,6,3,1
126970782,5,3,0
126973047,7,3,0
126974603,2,3,0
126974633,7,2,0
126975552,5,2,0
126975669,7,3,0
126975789,5,3,0
126976712,6,3,1
126976800,3,3,0
126977670,5,3,0
126977872,5,3,0
126978781,6,3,0
126978835,7,3,0
126979060,7,3,0
126979132,6,2,0
126979156,7,3,0
126979457,6,3,0
126980196,4,3,3
126988603,6,3,0
126989009,7,3,0
126989679,6,3,0
126992677,5,3,0
126994990,7,3,0
126995640,5,2,0
127007487,6,3,0
127013049,7,2,0
127024913,4,3,1
127028328,8,3,0
127042748,5,3,0
127044975,5,2,1
127045313,5,3,0
127056883,6,3,0
127057986,7,3,1
127059195,5,2,0
127065369,7,3,0
127070437,5,2,1
127077371,7,3,1
127078162,6,2,1
127079020,6,3,3
127095516,0,0,0
127095539,0,1,1
127095572,0,0,0
127095578,0,0,0
127095673,0,0,0
127102341,0,3,0
127108508,5,3,0
127113841,5,3,0
127120728,5,3,3
127121496,6,3,0
127130373,5,3,0
127132737,8,3,0
127139113,7,2,0
127143111,0,1,0
127143519,7,3,1
127144123,6,3,1
127146334,5,2,0
127149165,5,2,0
127149394,7,2,0
127161066,5,3,0
127170118,8,3,0
127171175,3,3,0
127183055,6,3,1
127185253,7,3,3
127190166,8,3,0
127193335,5,2,0
127194992,3,2,0
127196850,0,1,0
127209211,5,3,0
127222586,5,3,0
127225533,4,2,0
127235540,3,3,0
127235582,8,4,0
127249547,5,3,1
127250165,8,3,0
127250923,6,2,0
127251070,6,2,0
127253383,7,3,1
127254658,4,3,0
127260827,5,2,0
127262667,5,3,0
127263545,7,3,0
127277275,3,2,0
127277288,6,2,0
127302382,4,3,3
127304784,6,3,0
127312201,6,3,0
127326329,5,3,2
127327304,5,3,0
127331709,4,3,0
127335350,7,3,0
127342650,6,3,0
127345906,6,4,0
127359539,7,4,0
127360402,6,3,0
127360483,3,3,0
127362585,8,3,2
127364778,4,2,0
127366902,6,3,0
127371029,4,3,0
127373253,6,3,0
127375147,8,3,1
127379054,5,2,0
127395121,7,3,2
127410407,6,2,0
127413414,2,2,0
127418413,5,3,1
127422138,6,3,0
127428125,7,4,0
127433747,4,3,0
127439835,5,2,1
127447207,5,3,0
127449377,8,3,0
127449691,5,3,1
127457102,4,3,1
127460550,6,3,1
127463128,5,3,3
127472894,5,3,0
127485556,8,3,0
127486420,6,2,0
127487689,4,3,0
127490005,7,3,0
127491572,5,3,0
127493135,7,3,0
127498919,5,3,0
127512009,3,3,0
127512596,5,3,0
127517174,6,3,0
127523283,7,2,1
127525093,5,3,0
127525234,6,2,0
127525805,8,2,0
127539335,7,4,1
127539865,2,3,0
127551403,6,3,0
127559019,5,2,1
127559430,6,3,0
127560599,5,3,0
127564311,7,3,0
127568109,8,3,0
127577216,0,1,0
127580666,5,2,0
127584166,5,3,3
127586199,7,2,0
127588043,7,3,0
127595023,4,3,0
127605957,6,3,0
127612411,7,3,0
127615469,7,3,0
127619381,5,3,0
127619910,6,3,0
127624704,6,2,1
127652689,0,1,0
127654011,6,3,0
127661159,6,3,0
127663808,4,2,0
127664317,6,3,0
127672440,6,3,0
127684282,4,3,0
127696852,5,3,0
127706647,3,2,0
127712376,8,3,0
127726153,4,2,0
127736199,4,3,0
127737483,6,3,1
127744330,5,2,0
127746499,6,3,0
127752828,6,3,0
127793312,7,3,3
127797607,6,3,0
127798191,6,3,0
127801405,4,3,1
127812363,8,3,1
127823918,5,3,0
127856124,5,2,1
127857794,7,3,3
127857892,6,3,0
127859349,3,2,0
127867101,6,2,0
127867962,5,4,0
127878380,6,3,0
127879960,7,3,0
127899789,5,3,0
127900849,4,3,0
127907497,3,2,0
127911095,2,3,3
127921543,6,3,0
127945771,6,3,0
127956128,5,3,0
127960402,4,2,1
